"Age","Gender","Weight (kg)","Height (m)","Max_BPM","Avg_BPM","Resting_BPM","Session_Duration (hours)","Calories_Burned","Workout_Type","Fat_Percentage","Water_Intake (liters)","Workout_Frequency (days/week)","Experience_Level","BMI"
"56","0","88.3","1.71","180.0","157.0","60.0","1.69","1313","0.0","12.6","3.5","4.0","3.0","30.2"
"46","1","74.9","1.53","179.0","151.0","66.0","1.3","883","1.0","33.9","2.1","4.0","2.0","32"
"32","1","68.1","1.66","167.0","122.0","54.0","1.11","677","2.0","33.4","2.3","4.0","2.0","24.71"
"25","0","53.2","1.7","190.0","164.0","56.0","0.59","532","3.0","28.8","2.1","3.0","1.0","18.41"
"38","0","46.1","1.79","188.0","158.0","68.0","0.64","556","3.0","29.2","2.8","3.0","1.0","14.39"
"56","1","58","1.68","168.0","156.0","74.0","1.59","1116","1.0","15.5","2.7","5.0","3.0","20.55"
"36","0","70.3","1.72","174.0","169.0","73.0","1.49","1385","2.0","21.3","2.3","3.0","2.0","23.76"
"40","1","69.7","1.51","189.0","141.0","64.0","1.27","895","2.0","30.6","1.9","3.0","2.0","30.57"
"28","0","121.7","1.94","185.0","127.0","52.0","1.03","719","3.0","28.9","2.6","4.0","2.0","32.34"
"28","0","101.8","1.84","169.0","136.0","64.0","1.08","808","2.0","29.7","2.7","3.0","1.0","30.07"
"41","0","120.8","1.67","188.0","146.0","54.0","0.82","593","1.0","20.5","3.0","2.0","1.0","43.31"
"53","0","51.7","1.7","175.0","152.0","72.0","1.15","865","1.0","23.6","3.5","3.0","2.0","17.89"
"57","0","112.5","1.61","195.0","165.0","61.0","1.24","1013","2.0","22.1","2.7","3.0","2.0","43.4"
"41","0","94.5","2","179.0","136.0","69.0","1.18","794","1.0","27.6","3.7","3.0","1.0","23.62"
"20","0","117.7","1.81","196.0","161.0","54.0","1.35","1195","0.0","26.4","3.3","3.0","2.0","35.93"
"39","1","42.5","1.75","181.0","131.0","52.0","1.13","740","3.0","26.2","2.1","2.0","1.0","13.88"
"19","1","64","1.53","166.0","167.0","58.0","1.33","1111","1.0","29.8","2.3","3.0","2.0","27.34"
"41","1","43.8","1.77","182.0","165.0","58.0","1.19","884","2.0","31.9","1.6","3.0","1.0","13.98"
"47","1","66.8","1.75","199.0","146.0","56.0","1.13","742","3.0","32.8","2.5","3.0","2.0","21.81"
"55","1","75.2","1.67","188.0","167.0","51.0","1.37","1030","1.0","25.2","2.2","2.0","1.0","26.96"
"19","0","89","1.77","175.0","127.0","72.0","1.5","1048","3.0","28.9","3.7","4.0","2.0","28.41"
"38","0","71.9","1.77","197.0","142.0","72.0","1.12","875","2.0","25.7","3.1","2.0","1.0","22.95"
"50","1","71","1.68","187.0","161.0","70.0","1.17","848","0.0","33.1","2.5","2.0","1.0","25.16"
"29","0","120.9","1.78","197.0","168.0","65.0","0.78","721","0.0","28.1","3.4","2.0","1.0","38.16"
"39","1","64.3","1.69","190.0","148.0","58.0","1.25","925","1.0","26.9","1.9","4.0","2.0","22.51"
"42","1","63.7","1.71","173.0","169.0","62.0","1.42","1080","0.0","26.1","1.8","3.0","2.0","21.78"
"44","0","65.2","1.8","192.0","139.0","68.0","0.73","502","1.0","27.2","2.7","2.0","1.0","20.12"
"59","0","53.9","1.75","168.0","135.0","69.0","1.48","989","3.0","21.6","2.8","4.0","2.0","17.6"
"45","0","84.9","1.86","186.0","136.0","66.0","1.64","1104","1.0","14.2","3.5","5.0","3.0","24.54"
"33","1","78","1.68","183.0","135.0","55.0","1.29","871","1.0","32.3","1.8","3.0","2.0","27.64"
"32","0","108.2","1.8","172.0","138.0","53.0","1.27","964","1.0","28.4","3.5","3.0","1.0","33.4"
"20","1","65.4","1.52","185.0","127.0","50.0","1.03","654","0.0","28","2.2","4.0","2.0","28.31"
"54","1","50.2","1.61","188.0","157.0","67.0","1.48","1046","1.0","28.2","2.7","2.0","1.0","19.37"
"24","1","58.9","1.51","187.0","157.0","68.0","1.04","816","2.0","31.7","2.5","2.0","1.0","25.83"
"38","0","81.4","1.71","187.0","148.0","58.0","1.52","1237","1.0","10.2","3.5","5.0","3.0","27.84"
"26","0","127.6","1.73","167.0","160.0","62.0","1.32","1162","3.0","27.3","2.9","3.0","1.0","42.63"
"56","1","59.3","1.56","182.0","155.0","57.0","1.26","879","2.0","33.4","2.6","4.0","2.0","24.37"
"35","0","96.9","1.71","188.0","145.0","72.0","1.34","1069","3.0","24.2","2.9","3.0","2.0","33.14"
"21","0","62.6","1.81","164.0","150.0","62.0","1.3","1072","3.0","27.6","3.5","4.0","2.0","19.11"
"42","0","45.5","1.6","166.0","163.0","64.0","1.31","1057","3.0","21.7","2.6","3.0","2.0","17.77"
"31","1","48.8","1.51","195.0","131.0","60.0","1.48","969","2.0","28.2","2.0","2.0","1.0","21.4"
"26","1","44.3","1.6","186.0","136.0","61.0","1.08","734","2.0","34.7","2.0","3.0","1.0","17.3"
"43","0","113.2","1.83","161.0","134.0","63.0","1.45","962","0.0","29.9","2.9","4.0","2.0","33.8"
"19","1","60.5","1.59","184.0","128.0","53.0","1.14","730","2.0","30.1","2.2","2.0","1.0","23.93"
"37","0","124.2","1.76","168.0","158.0","50.0","1.5","1304","1.0","29.3","2.8","2.0","1.0","40.1"
"45","0","52.4","1.85","186.0","161.0","73.0","1.2","956","3.0","25.2","2.5","3.0","1.0","15.31"
"24","0","54.7","1.74","160.0","167.0","53.0","0.84","772","0.0","22.9","3.6","3.0","1.0","18.07"
"25","0","88.1","1.95","182.0","131.0","68.0","1.41","1016","2.0","22.7","3.0","2.0","1.0","23.17"
"52","1","59.7","1.71","169.0","151.0","58.0","1.23","836","3.0","34.3","2.0","3.0","1.0","20.42"
"31","1","79.7","1.54","184.0","144.0","59.0","1.03","742","2.0","26.7","2.3","4.0","2.0","33.61"
"34","1","51","1.62","162.0","158.0","53.0","1.42","1122","0.0","30.8","2.4","3.0","2.0","19.43"
"53","0","84.2","1.76","165.0","137.0","69.0","1.67","1133","2.0","12.8","3.5","5.0","3.0","27.18"
"57","0","122.1","1.89","165.0","134.0","58.0","1.13","750","2.0","27.4","3.6","3.0","1.0","34.18"
"21","0","96.7","1.72","161.0","151.0","62.0","1.26","1046","3.0","25","2.8","3.0","1.0","32.69"
"19","1","73","1.79","177.0","125.0","61.0","0.81","506","1.0","27.7","1.6","3.0","1.0","22.78"
"23","0","114.8","1.6","182.0","163.0","60.0","1.47","1318","2.0","21.7","2.7","4.0","2.0","44.84"
"59","1","65.5","1.52","161.0","162.0","61.0","1.4","1021","0.0","31.2","2.1","3.0","2.0","28.35"
"21","1","50.3","1.52","171.0","154.0","67.0","1.08","832","2.0","32.2","2.6","3.0","1.0","21.77"
"46","1","61","1.71","181.0","153.0","61.0","1.67","1150","2.0","17.8","2.7","4.0","3.0","20.86"
"35","1","44.6","1.62","196.0","157.0","65.0","0.56","440","1.0","32.4","2.0","2.0","1.0","16.99"
"43","1","58.2","1.61","179.0","124.0","54.0","1.04","580","3.0","26.4","2.6","3.0","2.0","22.45"
"51","1","44.8","1.63","198.0","137.0","69.0","1.08","666","0.0","33.8","2.1","4.0","2.0","16.86"
"27","0","87.5","1.63","183.0","135.0","74.0","1.75","1299","3.0","12.9","3.5","5.0","3.0","32.93"
"53","0","51.8","1.74","179.0","127.0","61.0","1.23","773","3.0","21.3","3.7","3.0","2.0","17.11"
"31","1","64.4","1.7","160.0","144.0","70.0","1.97","1418","3.0","17.3","2.7","5.0","3.0","22.28"
"48","1","67.1","1.61","160.0","151.0","74.0","0.62","421","2.0","33.4","1.5","2.0","1.0","25.89"
"32","0","85.9","1.6","176.0","145.0","60.0","1.99","1587","1.0","14.5","3.5","5.0","3.0","33.55"
"25","1","65.4","1.77","160.0","141.0","58.0","0.89","627","2.0","27.6","2.6","3.0","1.0","20.88"
"31","1","61.1","1.76","189.0","150.0","67.0","1.81","1358","0.0","18.6","2.7","4.0","3.0","19.72"
"40","0","106.5","1.65","162.0","162.0","74.0","1.32","1176","1.0","21","3.6","4.0","2.0","39.12"
"57","1","64","1.52","170.0","129.0","52.0","1.73","1004","3.0","15.2","2.7","5.0","3.0","27.7"
"38","1","61.4","1.54","183.0","131.0","69.0","1.47","963","1.0","30.6","2.7","3.0","2.0","25.89"
"33","1","40.5","1.63","181.0","147.0","66.0","1.07","786","0.0","31.9","1.5","4.0","2.0","15.24"
"35","0","70.1","1.79","185.0","125.0","63.0","1.08","743","2.0","28","2.3","3.0","2.0","21.88"
"41","0","94.1","1.62","172.0","139.0","50.0","1.13","777","2.0","23.4","3.1","4.0","2.0","35.86"
"43","0","55.5","1.82","160.0","124.0","66.0","1.08","663","3.0","20.1","2.0","3.0","1.0","16.76"
"42","1","53.7","1.72","183.0","142.0","74.0","1.37","875","2.0","29.8","1.6","3.0","1.0","18.15"
"58","1","66.1","1.75","169.0","128.0","57.0","0.63","363","2.0","25.2","1.8","2.0","1.0","21.58"
"46","0","103.9","1.77","194.0","148.0","54.0","1.18","864","0.0","20.9","2.9","2.0","1.0","33.16"
"32","1","61.7","1.58","183.0","135.0","54.0","1.87","1262","1.0","16.6","2.7","5.0","3.0","24.72"
"18","1","52.3","1.74","187.0","165.0","58.0","1.2","990","2.0","29.4","2.2","2.0","1.0","17.27"
"42","1","59.5","1.74","195.0","141.0","52.0","1.78","1129","0.0","16.4","2.7","5.0","3.0","19.65"
"24","1","72.9","1.76","175.0","127.0","68.0","0.86","546","0.0","30.8","1.5","3.0","1.0","23.53"
"26","1","76.7","1.63","199.0","139.0","72.0","1.08","751","3.0","25.6","1.7","2.0","1.0","28.87"
"41","0","72.1","1.83","175.0","133.0","58.0","1.13","744","0.0","21.4","2.8","3.0","2.0","21.53"
"18","1","54.8","1.68","176.0","158.0","71.0","1.27","1003","3.0","32","2.2","4.0","2.0","19.42"
"25","0","105","1.88","174.0","156.0","67.0","1.34","1150","2.0","21.4","2.3","3.0","2.0","29.71"
"41","1","55","1.55","175.0","169.0","65.0","1.45","1103","3.0","31.4","2.0","4.0","2.0","22.89"
"28","0","81.6","1.66","174.0","153.0","50.0","1.09","917","0.0","20.5","3.5","4.0","2.0","29.61"
"34","1","75.6","1.6","193.0","130.0","51.0","0.64","416","1.0","29.1","2.7","2.0","1.0","29.53"
"25","0","81.5","1.61","170.0","159.0","63.0","1.93","1688","1.0","10.9","3.5","4.0","3.0","31.44"
"52","1","61.5","1.69","160.0","152.0","63.0","1.8","1231","2.0","15.5","2.7","4.0","3.0","21.53"
"52","0","74","1.63","174.0","150.0","50.0","1.26","936","2.0","25.7","3.7","3.0","2.0","27.85"
"50","1","56.4","1.59","185.0","163.0","74.0","1.26","924","1.0","34.3","2.6","3.0","1.0","22.31"
"22","0","102.6","1.84","163.0","153.0","65.0","1.25","1052","3.0","20.5","2.7","3.0","2.0","30.3"
"59","1","54.6","1.57","164.0","169.0","64.0","0.58","441","2.0","29.2","2.3","3.0","1.0","22.15"
"56","0","129","1.78","194.0","126.0","64.0","1.29","805","0.0","27.1","2.7","2.0","1.0","40.71"
"58","0","103.5","1.66","172.0","168.0","61.0","1.33","1106","2.0","24.6","3.1","3.0","1.0","37.56"
"45","1","59.4","1.51","169.0","142.0","65.0","1.15","735","3.0","33.1","1.9","4.0","2.0","26.05"
"24","1","60.1","1.79","170.0","165.0","63.0","1.97","1625","2.0","15.9","2.7","4.0","3.0","18.76"
"26","0","77.7","1.62","177.0","126.0","73.0","1.16","804","0.0","29.6","3.0","3.0","2.0","29.61"
"25","1","41.2","1.62","193.0","144.0","64.0","1.49","1073","0.0","28.9","2.1","4.0","2.0","15.7"
"29","0","58.6","1.61","198.0","122.0","72.0","1.2","805","0.0","23.4","2.0","3.0","2.0","22.61"
"51","0","109.3","1.78","182.0","157.0","64.0","0.54","420","3.0","28.7","3.3","3.0","1.0","34.5"
"50","0","69.6","1.96","166.0","139.0","68.0","0.97","667","3.0","25.6","2.0","3.0","1.0","18.12"
"40","1","56.2","1.79","198.0","153.0","57.0","1.79","1369","0.0","17.6","2.7","5.0","3.0","17.54"
"41","0","71.7","1.96","162.0","168.0","51.0","0.51","424","0.0","27.3","2.5","2.0","1.0","18.66"
"54","0","86","1.93","171.0","163.0","51.0","1.74","1404","3.0","12.9","3.5","5.0","3.0","23.09"
"52","1","79.4","1.59","166.0","163.0","59.0","1.39","1020","3.0","26.6","1.5","3.0","2.0","31.41"
"57","1","78.4","1.62","185.0","149.0","52.0","1.01","677","3.0","31.7","2.0","4.0","2.0","29.87"
"39","1","55.4","1.6","192.0","136.0","72.0","1.44","979","1.0","26.3","1.6","3.0","2.0","21.64"
"44","1","61.7","1.55","196.0","129.0","66.0","1.41","819","3.0","33.1","2.6","4.0","2.0","25.68"
"52","0","85.5","1.82","174.0","154.0","57.0","1.78","1357","0.0","14.9","3.5","4.0","3.0","25.81"
"18","0","87.6","1.93","161.0","139.0","72.0","1.72","1315","1.0","11.9","3.5","4.0","3.0","23.52"
"52","0","82.4","1.72","166.0","137.0","53.0","1.01","685","3.0","24.4","2.7","4.0","2.0","27.85"
"54","0","67","1.68","191.0","164.0","63.0","0.55","446","0.0","20.5","2.8","3.0","1.0","23.74"
"31","1","42.3","1.6","163.0","163.0","70.0","1.09","888","2.0","25.1","1.9","3.0","2.0","16.52"
"20","0","82.7","1.99","179.0","146.0","59.0","1.69","1357","1.0","14.6","3.5","5.0","3.0","20.88"
"18","0","92.4","1.74","195.0","168.0","50.0","1.41","1303","0.0","21.3","3.1","2.0","1.0","30.52"
"22","1","63.2","1.54","191.0","155.0","53.0","1.02","790","2.0","29.5","2.4","4.0","2.0","26.65"
"43","0","82.7","1.85","187.0","142.0","50.0","1.22","858","0.0","28.2","3.1","4.0","2.0","24.16"
"31","0","86.6","1.76","172.0","151.0","66.0","1.29","1071","3.0","28.9","3.3","3.0","2.0","27.96"
"56","0","129.5","1.95","160.0","129.0","66.0","1","639","3.0","25.2","3.5","2.0","1.0","34.06"
"44","0","98","1.83","194.0","130.0","56.0","1.28","824","2.0","25.7","3.5","4.0","2.0","29.26"
"26","0","86.2","1.68","189.0","157.0","72.0","1.97","1701","3.0","13.3","3.5","5.0","3.0","30.54"
"32","0","78.6","1.62","195.0","125.0","69.0","1.28","880","0.0","29.6","3.1","3.0","1.0","29.95"
"32","1","59","1.66","184.0","160.0","64.0","0.51","408","2.0","31","1.8","2.0","1.0","21.41"
"43","1","57.3","1.79","175.0","166.0","62.0","1.98","1479","0.0","17.8","2.7","4.0","3.0","17.88"
"59","0","122.3","1.89","178.0","153.0","51.0","0.66","500","0.0","20.1","3.1","3.0","1.0","34.24"
"30","0","85.3","1.95","160.0","155.0","68.0","1.61","1373","0.0","10.4","3.5","5.0","3.0","22.43"
"49","1","45.2","1.74","164.0","156.0","73.0","1.24","870","3.0","30.8","2.1","3.0","2.0","14.93"
"56","0","55.6","1.92","181.0","136.0","62.0","0.68","458","3.0","29.4","3.2","3.0","1.0","15.08"
"49","0","82.8","1.95","183.0","159.0","73.0","1.91","1503","0.0","14.3","3.5","5.0","3.0","21.78"
"21","0","125.2","1.66","196.0","159.0","60.0","1.38","1207","1.0","29.8","3.4","3.0","2.0","45.43"
"47","1","58.5","1.79","195.0","131.0","71.0","1.42","837","0.0","30.3","2.4","4.0","2.0","18.26"
"54","0","86.1","1.95","195.0","140.0","64.0","1.17","811","0.0","27.9","3.4","2.0","1.0","22.64"
"40","1","63.5","1.61","163.0","159.0","59.0","1.31","1041","2.0","33.4","1.6","3.0","2.0","24.5"
"56","0","69.3","1.68","195.0","138.0","58.0","0.66","451","0.0","26.5","2.1","2.0","1.0","24.55"
"32","1","70.5","1.62","177.0","122.0","58.0","1.24","756","3.0","28.4","1.8","2.0","1.0","26.86"
"46","1","60.1","1.65","175.0","137.0","69.0","1.69","1042","2.0","17.3","2.7","4.0","3.0","22.08"
"53","0","94.1","1.95","177.0","138.0","50.0","0.89","608","1.0","28.6","3.5","3.0","1.0","24.75"
"30","1","79.2","1.62","181.0","166.0","66.0","1.26","1046","2.0","28","2.5","4.0","2.0","30.18"
"49","0","115.3","1.91","161.0","125.0","61.0","1.38","854","1.0","29.2","3.2","2.0","1.0","31.61"
"24","1","62.9","1.79","180.0","135.0","59.0","1.42","958","2.0","27.3","2.3","4.0","2.0","19.63"
"39","0","62","1.64","195.0","127.0","54.0","0.97","678","2.0","27.5","3.2","3.0","1.0","23.05"
"45","0","88.5","1.78","198.0","167.0","67.0","1.53","1265","1.0","13.2","3.5","4.0","3.0","27.93"
"19","1","73.9","1.77","198.0","137.0","64.0","1.28","877","3.0","32.5","2.6","3.0","2.0","23.59"
"59","0","50.3","1.95","188.0","167.0","55.0","1.07","885","3.0","24.4","3.4","3.0","1.0","13.23"
"23","0","83.1","1.8","185.0","162.0","56.0","0.7","624","3.0","29.3","3.1","3.0","1.0","25.65"
"45","1","65.1","1.78","180.0","158.0","66.0","1.46","1038","2.0","31.3","2.3","3.0","1.0","20.55"
"45","0","46.6","1.79","176.0","168.0","55.0","1.46","1214","0.0","22.9","2.4","3.0","2.0","14.54"
"37","0","103.5","1.89","175.0","168.0","57.0","0.54","499","2.0","26.4","3.1","2.0","1.0","28.97"
"47","1","61.9","1.54","190.0","131.0","61.0","1.95","1150","0.0","16.4","2.7","4.0","3.0","26.1"
"28","1","52","1.61","168.0","164.0","70.0","1.32","1082","0.0","27.9","2.0","3.0","2.0","20.06"
"45","0","113.4","1.71","190.0","129.0","63.0","0.83","530","3.0","24","2.3","2.0","1.0","38.78"
"42","0","62.9","1.98","173.0","126.0","61.0","1.42","886","0.0","28.5","3.4","4.0","2.0","16.04"
"56","1","40.4","1.8","196.0","165.0","72.0","1.23","913","2.0","30","2.1","4.0","2.0","12.47"
"50","1","67.1","1.75","161.0","120.0","59.0","0.67","362","2.0","31.8","2.7","3.0","1.0","21.91"
"18","0","70","1.61","173.0","168.0","71.0","1.3","1201","3.0","23.9","2.5","2.0","1.0","27.01"
"44","1","69.5","1.75","192.0","155.0","69.0","1.02","711","1.0","27.6","2.1","3.0","1.0","22.69"
"30","0","107.9","1.66","194.0","140.0","64.0","1.08","832","2.0","29.5","2.8","3.0","2.0","39.16"
"58","0","109","1.91","198.0","156.0","56.0","1.49","1151","0.0","26","2.2","3.0","2.0","29.88"
"20","0","101","1.91","179.0","143.0","58.0","1.36","1070","2.0","29.3","2.7","3.0","2.0","27.69"
"56","0","88.5","1.85","161.0","144.0","59.0","1.57","1119","2.0","11","3.5","4.0","3.0","25.86"
"23","0","80.9","1.8","178.0","126.0","59.0","1.55","1074","2.0","10.7","3.5","4.0","3.0","24.97"
"25","1","43.1","1.62","196.0","161.0","65.0","1.04","837","1.0","33.6","1.8","4.0","2.0","16.42"
"44","1","59.1","1.52","177.0","136.0","56.0","1.58","967","0.0","18.4","2.7","5.0","3.0","25.58"
"26","1","54","1.53","175.0","148.0","54.0","1.14","844","3.0","26.9","1.7","3.0","1.0","23.07"
"54","1","72.3","1.78","163.0","149.0","72.0","1.27","852","2.0","27.7","1.8","2.0","1.0","22.82"
"50","0","51.1","1.98","171.0","126.0","52.0","0.92","574","0.0","28","2.4","2.0","1.0","13.03"
"59","0","89.4","1.72","188.0","152.0","67.0","1.08","813","0.0","24.5","3.2","3.0","1.0","30.22"
"41","0","51.5","1.8","166.0","126.0","60.0","1.09","680","3.0","26.7","2.1","4.0","2.0","15.9"
"32","0","87.9","1.88","173.0","143.0","64.0","1.52","1195","2.0","11.6","3.5","5.0","3.0","24.87"
"49","1","42","1.52","171.0","130.0","70.0","1.1","644","1.0","28.8","2.2","3.0","1.0","18.18"
"49","0","79.2","1.72","194.0","128.0","69.0","1.46","925","0.0","29.9","3.3","3.0","1.0","26.77"
"41","0","64.8","1.71","164.0","131.0","54.0","1.2","778","3.0","22.5","2.8","3.0","2.0","22.16"
"58","1","63","1.78","176.0","154.0","73.0","1.58","1095","1.0","17.5","2.7","4.0","3.0","19.88"
"29","1","56.2","1.77","191.0","123.0","61.0","0.68","418","0.0","33.4","2.6","3.0","1.0","17.94"
"56","1","52.9","1.64","169.0","155.0","53.0","1.1","767","2.0","27.4","2.3","3.0","2.0","19.67"
"19","1","49","1.69","176.0","147.0","64.0","1.05","772","0.0","29.2","2.4","3.0","1.0","17.16"
"20","0","128.2","1.84","164.0","132.0","58.0","0.83","603","1.0","26.2","2.3","3.0","1.0","37.87"
"54","0","83.6","1.86","168.0","142.0","56.0","1.54","1082","1.0","12.4","3.5","5.0","3.0","24.16"
"34","1","56.2","1.77","192.0","138.0","59.0","1.81","1249","2.0","17.3","2.7","5.0","3.0","17.94"
"19","0","87.8","1.78","195.0","161.0","72.0","1.28","1133","2.0","23.6","3.3","2.0","1.0","27.71"
"19","0","85.9","1.85","195.0","156.0","62.0","1.66","1424","3.0","12.9","3.5","4.0","3.0","25.1"
"45","0","51.1","1.87","177.0","158.0","57.0","1.44","1126","2.0","26.2","3.4","4.0","2.0","14.61"
"40","1","57.4","1.71","168.0","143.0","61.0","1.87","1337","3.0","18.3","2.7","5.0","3.0","19.63"
"54","0","114.9","1.92","188.0","135.0","71.0","1.2","802","1.0","20.7","2.6","4.0","2.0","31.17"
"49","1","62.1","1.66","173.0","152.0","73.0","1.37","937","1.0","31.3","1.8","3.0","2.0","22.54"
"50","0","57.1","1.91","184.0","131.0","68.0","1.09","707","0.0","29.5","2.7","4.0","2.0","15.65"
"18","0","68.1","1.8","174.0","153.0","50.0","1.1","926","0.0","25.4","3.3","4.0","2.0","21.02"
"36","0","69.2","1.65","165.0","126.0","65.0","1.23","852","3.0","27.2","2.7","3.0","1.0","25.42"
"19","1","65.2","1.52","188.0","130.0","71.0","1.23","800","2.0","30.6","2.4","3.0","1.0","28.22"
"43","0","108.6","1.73","174.0","150.0","66.0","1.33","988","2.0","28.5","2.2","2.0","1.0","36.29"
"49","1","40","1.65","188.0","148.0","74.0","1.03","686","0.0","34.3","2.5","3.0","2.0","14.69"
"23","1","41.9","1.58","163.0","132.0","67.0","0.56","370","1.0","26.8","1.8","3.0","1.0","16.78"
"49","1","68.3","1.52","177.0","150.0","60.0","1.45","979","3.0","29.4","1.8","4.0","2.0","29.56"
"21","0","88.4","1.6","198.0","121.0","67.0","1.71","1138","1.0","12","3.5","4.0","3.0","34.53"
"28","0","66","1.9","175.0","158.0","56.0","1.18","1025","1.0","24.1","3.0","3.0","1.0","18.28"
"34","0","71.9","1.64","170.0","134.0","67.0","1.26","929","2.0","21.3","2.1","4.0","2.0","26.73"
"55","0","75.6","1.71","173.0","130.0","57.0","1.03","663","3.0","28.1","2.0","4.0","2.0","25.85"
"41","1","63.4","1.59","162.0","153.0","55.0","1.84","1267","1.0","15.2","2.7","5.0","3.0","25.08"
"22","1","71.6","1.77","197.0","158.0","56.0","1.49","1177","0.0","30.3","1.8","3.0","1.0","22.85"
"51","1","57.4","1.77","177.0","123.0","72.0","1.08","598","0.0","31.6","2.1","4.0","2.0","18.32"
"23","0","83.8","1.99","179.0","130.0","71.0","1.79","1280","2.0","11","3.5","4.0","3.0","21.16"
"39","1","55.9","1.71","184.0","148.0","59.0","1.95","1443","0.0","19.5","2.7","5.0","3.0","19.12"
"28","0","87","1.76","197.0","121.0","60.0","1.2","799","0.0","28.4","3.5","3.0","2.0","28.09"
"33","1","65.3","1.71","172.0","135.0","74.0","1.18","796","1.0","29.7","2.5","4.0","2.0","22.33"
"50","0","45.4","1.67","163.0","158.0","62.0","1.37","1071","0.0","24.1","2.8","4.0","2.0","16.28"
"26","0","87.1","1.87","173.0","132.0","58.0","1.71","1241","0.0","11.2","3.5","4.0","3.0","24.91"
"23","1","78.6","1.73","192.0","156.0","56.0","1.47","1147","1.0","32.3","1.5","4.0","2.0","26.26"
"33","1","78","1.71","187.0","136.0","58.0","1.08","734","2.0","26.3","2.1","3.0","1.0","26.67"
"46","1","58","1.53","196.0","140.0","62.0","1.83","1153","2.0","18.4","2.7","4.0","3.0","24.78"
"20","1","71.3","1.69","167.0","163.0","52.0","1.28","1043","3.0","33.4","2.3","3.0","2.0","24.96"
"37","0","49.1","1.74","193.0","138.0","52.0","1.11","842","0.0","22.3","2.6","3.0","2.0","16.22"
"53","1","78.3","1.65","164.0","126.0","50.0","1.24","703","1.0","33.7","1.6","3.0","1.0","28.76"
"36","1","57.3","1.64","164.0","157.0","70.0","1.13","887","3.0","25.3","1.8","4.0","2.0","21.3"
"43","1","48.4","1.61","190.0","127.0","69.0","1.28","732","2.0","34.1","2.4","2.0","1.0","18.67"
"20","0","76.4","1.62","168.0","132.0","51.0","1.35","980","2.0","21.2","2.6","4.0","2.0","29.11"
"36","0","110.2","1.77","191.0","156.0","74.0","1.19","1021","1.0","26.5","3.4","2.0","1.0","35.18"
"37","1","72.9","1.76","192.0","121.0","52.0","1.21","732","3.0","27.5","1.9","3.0","2.0","23.53"
"49","0","82.1","1.86","162.0","160.0","64.0","1.87","1481","3.0","14.2","3.5","4.0","3.0","23.73"
"24","1","58.9","1.76","189.0","130.0","73.0","0.63","410","1.0","30.1","1.7","3.0","1.0","19.01"
"58","0","82.2","1.87","171.0","143.0","55.0","1.57","1111","1.0","10.7","3.5","4.0","3.0","23.51"
"50","0","96.7","1.72","188.0","125.0","62.0","1.46","903","3.0","25.7","2.7","3.0","2.0","32.69"
"57","0","81.4","1.86","162.0","145.0","70.0","1.8","1292","2.0","12","3.5","5.0","3.0","23.53"
"56","0","107.8","1.73","185.0","126.0","50.0","1.09","680","0.0","26.6","2.8","3.0","2.0","36.02"
"35","1","65.8","1.62","189.0","158.0","69.0","1","790","2.0","33.8","1.5","4.0","2.0","25.07"
"57","1","68.5","1.56","168.0","138.0","68.0","1.45","900","1.0","29.1","1.6","4.0","2.0","28.15"
"18","1","63.9","1.59","185.0","125.0","50.0","1.87","1169","3.0","16.4","2.7","4.0","3.0","25.28"
"28","0","76.3","1.62","161.0","162.0","70.0","1.16","1034","3.0","20.1","2.3","3.0","2.0","29.07"
"45","1","44.5","1.65","162.0","148.0","71.0","1.44","959","0.0","30.7","1.6","3.0","1.0","16.35"
"42","1","50.7","1.75","163.0","162.0","51.0","1.29","940","3.0","29","1.9","3.0","2.0","16.56"
"40","1","55.1","1.61","184.0","158.0","64.0","1.55","1224","0.0","16.9","2.7","4.0","3.0","21.26"
"48","0","73.7","1.61","172.0","121.0","63.0","1.36","815","2.0","21.8","3.6","4.0","2.0","28.43"
"47","0","55.6","1.77","198.0","138.0","68.0","1.2","820","2.0","24.3","2.9","4.0","2.0","17.75"
"59","0","86.9","1.76","194.0","123.0","60.0","1.13","688","3.0","29.8","3.1","3.0","2.0","28.05"
"52","1","60.3","1.68","182.0","125.0","64.0","1.6","900","3.0","16.5","2.7","4.0","3.0","21.36"
"24","1","40.4","1.64","168.0","168.0","55.0","0.99","832","1.0","31","1.9","2.0","1.0","15.02"
"33","1","78.5","1.66","161.0","156.0","69.0","1.29","1006","1.0","32.8","1.9","4.0","2.0","28.49"
"43","0","102.6","1.72","190.0","147.0","58.0","0.82","597","3.0","27.5","2.0","2.0","1.0","34.68"
"19","0","110.8","1.91","161.0","149.0","54.0","1.31","1074","3.0","23.3","2.9","2.0","1.0","30.37"
"18","1","60.9","1.79","191.0","126.0","69.0","1.11","699","2.0","31.1","2.1","2.0","1.0","19.01"
"29","0","55.7","1.61","177.0","128.0","51.0","1.41","993","3.0","28.7","2.3","3.0","1.0","21.49"
"22","0","110.5","1.92","172.0","144.0","55.0","1.16","919","1.0","20.2","3.3","3.0","2.0","29.98"
"54","0","55.2","1.71","164.0","152.0","67.0","0.77","579","2.0","24.4","2.8","2.0","1.0","18.88"
"49","0","46.5","1.72","169.0","120.0","72.0","1.4","832","0.0","22.2","2.6","4.0","2.0","15.72"
"26","1","70.9","1.66","184.0","125.0","68.0","0.81","506","1.0","28.9","1.7","3.0","1.0","25.73"
"58","0","74.6","1.75","193.0","137.0","58.0","1.09","739","1.0","24.2","2.9","2.0","1.0","24.36"
"52","0","45.1","1.72","196.0","129.0","70.0","0.93","594","2.0","27.5","3.3","2.0","1.0","15.24"
"36","0","99.9","1.99","189.0","147.0","73.0","1.33","1075","0.0","20.9","2.5","3.0","1.0","25.23"
"33","0","117","1.61","166.0","130.0","55.0","1.04","744","1.0","25.1","2.4","3.0","2.0","45.14"
"20","1","75.9","1.73","165.0","152.0","63.0","1.39","1056","3.0","30.6","2.1","4.0","2.0","25.36"
"37","1","71.2","1.64","162.0","120.0","73.0","1.11","666","1.0","29.9","1.7","3.0","2.0","26.47"
"41","0","78.8","1.72","172.0","132.0","62.0","1.01","660","2.0","27.3","3.1","4.0","2.0","26.64"
"50","0","50.6","1.69","162.0","156.0","60.0","1.31","1012","2.0","23.8","3.0","2.0","1.0","17.72"
"41","0","82.5","1.79","185.0","139.0","61.0","1.69","1163","2.0","14.7","3.5","4.0","3.0","25.75"
"28","0","108.5","1.79","183.0","120.0","68.0","1.33","878","1.0","24.8","2.1","4.0","2.0","33.86"
"25","0","49.9","1.98","165.0","122.0","68.0","1.15","772","0.0","25.7","2.1","3.0","2.0","12.73"
"53","0","125.1","1.91","171.0","137.0","70.0","0.52","353","3.0","28.3","3.1","2.0","1.0","34.29"
"55","1","79.7","1.66","195.0","160.0","68.0","1.06","763","2.0","27.8","1.9","2.0","1.0","28.92"
"57","0","126.8","1.63","161.0","133.0","73.0","0.96","632","0.0","20.8","2.1","2.0","1.0","47.72"
"37","1","54.6","1.57","170.0","150.0","62.0","1.31","982","3.0","32.1","2.4","3.0","1.0","22.15"
"52","1","47.8","1.54","198.0","146.0","63.0","1.34","880","2.0","29.8","1.9","3.0","2.0","20.16"
"42","0","97.9","1.91","193.0","136.0","73.0","1.01","680","3.0","29","2.8","3.0","2.0","26.84"
"52","1","63.1","1.54","185.0","165.0","67.0","1.36","1010","3.0","34.8","1.8","3.0","2.0","26.61"
"42","1","72.4","1.69","177.0","148.0","61.0","1.07","713","0.0","29","2.3","3.0","2.0","25.35"
"46","1","58.9","1.7","180.0","155.0","53.0","1.52","1060","3.0","17.1","2.7","4.0","3.0","20.38"
"35","1","50.4","1.6","195.0","156.0","59.0","1.03","803","2.0","29.1","1.9","4.0","2.0","19.69"
"35","1","64.2","1.59","199.0","145.0","66.0","1.63","1182","0.0","16.6","2.7","5.0","3.0","25.39"
"19","1","58.8","1.77","181.0","136.0","53.0","1.4","952","1.0","32.8","2.7","2.0","1.0","18.77"
"52","0","105.2","1.62","189.0","141.0","61.0","1.36","949","1.0","27.6","3.2","3.0","1.0","40.09"
"33","1","45.9","1.5","189.0","144.0","62.0","0.92","662","0.0","29.8","1.7","3.0","1.0","20.4"
"58","1","65.2","1.63","167.0","121.0","53.0","1.12","610","1.0","25.4","2.0","3.0","2.0","24.54"
"53","1","56.3","1.79","193.0","141.0","59.0","1.52","964","3.0","16.5","2.7","5.0","3.0","17.57"
"50","0","90","1.7","168.0","124.0","74.0","0.81","497","2.0","22.9","2.7","2.0","1.0","31.14"
"21","1","60","1.7","179.0","123.0","52.0","1.97","1212","3.0","19.1","2.7","5.0","3.0","20.76"
"50","0","51.5","1.71","199.0","155.0","64.0","1.48","1136","0.0","20.9","2.9","2.0","1.0","17.61"
"31","1","63.1","1.64","184.0","125.0","51.0","1.54","962","2.0","19","2.7","4.0","3.0","23.46"
"38","0","91.5","1.77","178.0","140.0","74.0","0.8","616","0.0","26.7","3.4","2.0","1.0","29.21"
"37","0","48.7","1.67","164.0","132.0","74.0","1.39","1009","0.0","27.3","3.0","2.0","1.0","17.46"
"25","1","57.8","1.56","170.0","156.0","66.0","1.35","1053","0.0","29.3","1.6","3.0","2.0","23.75"
"24","1","42","1.75","174.0","144.0","55.0","0.83","598","3.0","31.8","2.3","3.0","1.0","13.71"
"20","0","128.4","1.92","167.0","145.0","57.0","0.63","502","2.0","26.1","2.0","2.0","1.0","34.83"
"34","1","74.2","1.57","178.0","158.0","52.0","1.47","1161","2.0","32.7","2.4","3.0","1.0","30.1"
"50","0","89.6","1.68","182.0","139.0","74.0","1.79","1232","2.0","12.2","3.5","5.0","3.0","31.75"
"29","0","125.9","2","186.0","152.0","67.0","1.36","1137","3.0","24.7","3.1","4.0","2.0","31.48"
"39","0","105.5","1.99","199.0","133.0","71.0","0.81","593","1.0","26.4","2.5","2.0","1.0","26.64"
"39","0","93.4","1.7","191.0","155.0","50.0","1.1","938","3.0","21.1","2.5","4.0","2.0","32.32"
"47","0","82.1","1.84","185.0","136.0","65.0","1.37","922","3.0","24.4","3.4","4.0","2.0","24.25"
"55","1","42.9","1.69","186.0","140.0","56.0","0.9","567","0.0","34.7","2.4","2.0","1.0","15.02"
"55","0","128.4","1.68","178.0","165.0","52.0","1.13","923","2.0","20.4","2.6","4.0","2.0","45.49"
"25","0","112.4","1.96","188.0","135.0","72.0","1.42","1054","2.0","23.2","2.5","2.0","1.0","29.26"
"44","1","77.7","1.79","198.0","165.0","53.0","1.41","1047","1.0","28.1","2.2","3.0","1.0","24.25"
"44","0","89.3","1.99","192.0","135.0","58.0","1.4","936","1.0","26.3","2.0","4.0","2.0","22.55"
"51","1","70.3","1.55","178.0","139.0","54.0","1.4","876","0.0","26.1","1.6","3.0","1.0","29.26"
"38","1","59.1","1.72","196.0","148.0","68.0","1.07","792","2.0","31.3","1.7","3.0","2.0","19.98"
"47","1","49.9","1.69","178.0","147.0","64.0","1.48","979","1.0","26","1.7","3.0","2.0","17.47"
"50","0","101.7","1.67","192.0","127.0","57.0","0.53","333","1.0","20.9","2.9","2.0","1.0","36.47"
"45","0","93","1.91","175.0","143.0","55.0","1.03","729","2.0","27.3","3.7","3.0","2.0","25.49"
"50","0","87.4","1.6","182.0","122.0","67.0","0.77","465","3.0","23.2","3.1","2.0","1.0","34.14"
"22","1","55.1","1.61","166.0","144.0","68.0","1.62","1166","1.0","19.9","2.7","4.0","3.0","21.26"
"36","0","123.7","1.69","185.0","138.0","73.0","1.3","987","2.0","20.4","2.1","4.0","2.0","43.31"
"21","1","61.3","1.57","191.0","152.0","64.0","1.94","1474","1.0","17.2","2.7","4.0","3.0","24.87"
"52","0","72.3","1.94","171.0","121.0","56.0","1.46","874","0.0","21.1","2.9","3.0","2.0","19.21"
"34","1","69.2","1.53","167.0","134.0","59.0","1.36","911","1.0","28.5","2.1","2.0","1.0","29.56"
"45","0","81.4","1.61","164.0","141.0","55.0","1.14","796","2.0","30","2.2","4.0","2.0","31.4"
"47","0","84.8","1.86","187.0","129.0","63.0","1.85","1181","1.0","14.4","3.5","5.0","3.0","24.51"
"46","0","55.1","1.72","164.0","137.0","66.0","1.43","970","0.0","20.5","3.6","3.0","2.0","18.62"
"23","1","59","1.78","185.0","141.0","58.0","1.67","1177","0.0","17.8","2.7","5.0","3.0","18.62"
"52","1","64.9","1.51","164.0","165.0","68.0","1.83","1359","1.0","18.2","2.7","4.0","3.0","28.46"
"58","0","109.7","1.75","181.0","168.0","54.0","1.01","840","1.0","22.1","2.7","2.0","1.0","35.82"
"54","0","78.4","1.9","174.0","146.0","72.0","0.81","585","0.0","21.5","3.7","2.0","1.0","21.72"
"41","1","76.7","1.79","172.0","132.0","56.0","1.4","832","0.0","34","2.0","4.0","2.0","23.94"
"46","1","63.1","1.61","187.0","152.0","68.0","1","684","3.0","34.7","2.2","4.0","2.0","24.34"
"48","1","62.9","1.58","192.0","124.0","69.0","1.98","1105","3.0","20","2.7","4.0","3.0","25.2"
"52","0","85.6","1.74","182.0","145.0","56.0","1.84","1321","0.0","13.9","3.5","4.0","3.0","28.27"
"50","1","66.3","1.57","192.0","132.0","73.0","1.25","742","1.0","31.6","1.6","2.0","1.0","26.9"
"38","0","61.3","1.97","177.0","146.0","51.0","1.37","1100","2.0","23.5","2.8","3.0","1.0","15.8"
"49","1","44.1","1.65","189.0","133.0","74.0","1.16","694","1.0","26.7","1.8","4.0","2.0","16.2"
"40","0","63.8","1.62","185.0","143.0","72.0","1.3","1022","1.0","20.8","3.4","2.0","1.0","24.31"
"50","1","55.4","1.55","175.0","122.0","65.0","1.85","1016","3.0","18.5","2.7","4.0","3.0","23.06"
"20","1","74.7","1.58","172.0","166.0","62.0","1.04","863","3.0","32.8","2.4","3.0","2.0","29.92"
"35","1","78","1.67","198.0","168.0","57.0","1.13","949","3.0","33.3","2.5","4.0","2.0","27.97"
"42","1","57.5","1.67","192.0","149.0","55.0","1.14","764","0.0","34.1","2.4","2.0","1.0","20.62"
"59","1","60.7","1.73","185.0","154.0","55.0","1.03","714","0.0","33.8","2.5","3.0","2.0","20.28"
"48","0","69","1.74","160.0","167.0","58.0","1.48","1223","1.0","30","2.3","3.0","2.0","22.79"
"20","1","75.8","1.78","197.0","133.0","53.0","1.42","944","1.0","27.4","2.0","4.0","2.0","23.92"
"57","1","75.7","1.63","161.0","131.0","60.0","0.69","407","2.0","32.6","2.3","3.0","1.0","28.49"
"41","1","71.2","1.64","165.0","147.0","54.0","1.42","939","1.0","30.9","2.3","3.0","2.0","26.47"
"49","0","85","1.68","197.0","163.0","74.0","1.82","1468","1.0","11.3","3.5","4.0","3.0","30.12"
"39","1","63.6","1.56","183.0","148.0","66.0","1.22","903","3.0","34.8","2.4","2.0","1.0","26.13"
"40","0","73.2","1.94","177.0","162.0","69.0","0.81","722","3.0","29","2.4","2.0","1.0","19.45"
"19","1","48.3","1.52","186.0","136.0","56.0","0.96","653","3.0","26.3","1.6","2.0","1.0","20.91"
"44","1","42.8","1.78","167.0","159.0","64.0","1.49","1066","3.0","25.3","2.6","3.0","2.0","13.51"
"59","0","88.1","1.76","187.0","168.0","74.0","1.35","1123","3.0","26.9","3.0","3.0","2.0","28.44"
"19","1","72.4","1.75","169.0","140.0","64.0","1.2","840","2.0","31","1.7","4.0","2.0","23.64"
"43","0","73.2","1.88","176.0","142.0","63.0","1.17","822","2.0","29.4","3.3","3.0","1.0","20.71"
"34","0","110.5","1.86","188.0","139.0","62.0","1.42","1086","2.0","22.3","3.6","2.0","1.0","31.94"
"57","1","46.1","1.76","165.0","130.0","60.0","1.44","842","3.0","25.8","1.7","3.0","2.0","14.88"
"50","0","90.8","1.71","173.0","153.0","62.0","1.07","810","0.0","22.6","3.4","4.0","2.0","31.05"
"26","1","59.3","1.51","181.0","129.0","71.0","1.7","1096","3.0","15.1","2.7","5.0","3.0","26.01"
"56","1","45.1","1.73","165.0","129.0","73.0","0.83","482","3.0","25.4","2.6","3.0","1.0","15.07"
"46","0","45","1.77","185.0","162.0","58.0","1.48","1187","2.0","29.1","3.6","3.0","2.0","14.36"
"59","0","89.4","1.62","198.0","125.0","59.0","1.43","885","3.0","23.5","3.6","3.0","2.0","34.06"
"43","0","127.7","1.69","171.0","155.0","53.0","1.14","875","2.0","24.1","2.9","3.0","2.0","44.71"
"52","0","70.9","1.72","194.0","143.0","66.0","1.31","927","3.0","20.2","2.6","3.0","2.0","23.97"
"42","1","49.2","1.5","173.0","131.0","63.0","1.15","678","1.0","27.7","1.5","3.0","2.0","21.87"
"41","1","62.3","1.79","181.0","162.0","73.0","1.99","1451","0.0","19","2.7","5.0","3.0","19.44"
"30","0","64.1","1.87","182.0","142.0","67.0","0.64","500","0.0","26.2","2.1","2.0","1.0","18.33"
"24","1","69.7","1.75","166.0","146.0","60.0","1.41","1029","2.0","32.5","2.0","3.0","1.0","22.76"
"53","1","56.9","1.59","199.0","164.0","65.0","1.49","1100","1.0","29.5","2.0","3.0","2.0","22.51"
"37","1","53","1.71","184.0","156.0","50.0","1.13","881","0.0","28.1","1.7","4.0","2.0","18.13"
"18","1","72.7","1.55","172.0","125.0","56.0","0.84","525","2.0","29.8","2.0","3.0","1.0","30.26"
"25","0","76.5","1.96","180.0","120.0","59.0","0.67","442","3.0","23.2","2.3","3.0","1.0","19.91"
"33","0","113.6","1.99","169.0","125.0","58.0","1.38","949","3.0","28.4","3.4","2.0","1.0","28.69"
"31","1","62.5","1.62","168.0","169.0","74.0","1.56","1318","1.0","16.5","2.7","4.0","3.0","23.81"
"29","0","95.2","1.86","174.0","141.0","52.0","0.64","496","0.0","26.6","2.5","2.0","1.0","27.52"
"40","0","51.7","1.82","161.0","160.0","71.0","0.9","792","3.0","21.4","3.0","3.0","1.0","15.61"
"32","0","105.3","1.67","184.0","143.0","72.0","0.57","448","2.0","26.9","2.9","3.0","1.0","37.76"
"45","1","71.2","1.68","172.0","144.0","63.0","1.37","888","3.0","34.1","1.6","3.0","1.0","25.23"
"51","1","78.1","1.51","193.0","134.0","74.0","0.92","555","3.0","31.1","2.6","3.0","1.0","34.25"
"19","1","50.6","1.68","193.0","145.0","64.0","1.21","877","0.0","30.6","2.1","3.0","2.0","17.93"
"49","0","70.2","1.89","194.0","127.0","51.0","0.7","440","0.0","29.6","2.6","3.0","1.0","19.65"
"40","1","62.6","1.53","197.0","143.0","73.0","1.93","1380","2.0","18.1","2.7","5.0","3.0","26.74"
"39","1","60.6","1.65","162.0","167.0","63.0","0.92","768","1.0","27.6","1.7","3.0","1.0","22.26"
"42","0","76.4","1.97","165.0","157.0","65.0","1.14","886","1.0","22.9","2.6","3.0","2.0","19.69"
"39","1","63.3","1.71","178.0","125.0","56.0","1.88","1175","3.0","18.5","2.7","4.0","3.0","21.65"
"39","1","68.6","1.64","162.0","154.0","53.0","1.33","1024","2.0","32.4","1.5","3.0","2.0","25.51"
"59","0","123.3","1.88","177.0","161.0","67.0","1.3","1036","1.0","23","2.6","4.0","2.0","34.89"
"23","0","107","1.94","198.0","120.0","73.0","1.35","891","1.0","23.5","2.9","2.0","1.0","28.43"
"32","0","68.3","1.92","168.0","165.0","54.0","1.42","1289","3.0","29.9","3.5","2.0","1.0","18.53"
"54","1","47.8","1.6","171.0","155.0","55.0","1.19","830","2.0","26","2.3","4.0","2.0","18.67"
"50","1","58.4","1.79","164.0","131.0","56.0","1.6","943","1.0","17","2.7","4.0","3.0","18.23"
"25","1","74.3","1.71","162.0","157.0","64.0","1.43","1123","0.0","25.6","1.6","3.0","2.0","25.41"
"22","0","106.8","1.82","170.0","130.0","50.0","1","715","0.0","28.2","2.3","4.0","2.0","32.24"
"56","0","125.5","1.8","189.0","131.0","73.0","1.26","817","3.0","20.9","2.7","4.0","2.0","38.73"
"21","1","55.2","1.55","163.0","161.0","53.0","1.37","1103","3.0","31.7","1.7","4.0","2.0","22.98"
"23","1","71.4","1.72","164.0","169.0","74.0","1.25","1056","3.0","25.6","1.5","2.0","1.0","24.13"
"49","0","77.7","1.61","160.0","158.0","50.0","1.03","806","3.0","26.7","3.4","3.0","2.0","29.98"
"47","0","88.4","1.6","186.0","126.0","60.0","1.86","1160","1.0","14.2","3.5","5.0","3.0","34.53"
"52","0","104.8","1.99","187.0","130.0","67.0","0.93","598","2.0","24","2.0","2.0","1.0","26.46"
"57","0","82.2","1.69","188.0","155.0","63.0","1.15","882","3.0","25.2","3.4","4.0","2.0","28.78"
"33","1","68.2","1.75","177.0","150.0","71.0","0.85","638","3.0","29","1.7","2.0","1.0","22.27"
"30","0","91.4","1.99","171.0","152.0","60.0","1.37","1145","1.0","23","3.7","3.0","2.0","23.08"
"59","1","42.1","1.65","172.0","132.0","59.0","1.22","725","3.0","33","2.2","2.0","1.0","15.46"
"47","1","68.7","1.76","161.0","137.0","66.0","1.37","845","3.0","27.7","2.4","3.0","2.0","22.18"
"36","1","47.2","1.74","196.0","160.0","53.0","1.5","1200","2.0","32.2","1.6","4.0","2.0","15.59"
"34","0","92","1.76","175.0","143.0","73.0","0.73","574","0.0","22.1","3.5","3.0","1.0","29.7"
"36","0","56.2","1.95","183.0","128.0","64.0","1.09","767","3.0","22.5","3.4","4.0","2.0","14.78"
"45","0","58.4","1.72","194.0","150.0","65.0","1.31","973","1.0","23.4","3.1","4.0","2.0","19.74"
"43","0","82.9","1.95","181.0","160.0","70.0","1.9","1505","2.0","12.9","3.5","5.0","3.0","21.8"
"54","1","66.9","1.74","195.0","129.0","62.0","1.24","720","1.0","29.5","2.1","2.0","1.0","22.1"
"43","0","66.3","1.85","170.0","121.0","58.0","1.18","707","2.0","27.5","3.2","2.0","1.0","19.37"
"40","0","93.6","1.93","188.0","157.0","60.0","1.38","1192","2.0","22.1","2.0","3.0","1.0","25.13"
"26","1","64.1","1.5","194.0","134.0","60.0","1.93","1293","3.0","15.1","2.7","5.0","3.0","28.49"
"29","0","86.7","1.62","174.0","122.0","55.0","1.52","1020","3.0","13.9","3.5","4.0","3.0","33.04"
"18","1","62","1.59","190.0","162.0","50.0","1.23","996","3.0","33.2","2.2","4.0","2.0","24.52"
"18","1","58.1","1.61","175.0","150.0","71.0","1.9","1425","0.0","15.3","2.7","4.0","3.0","22.41"
"51","1","64.9","1.6","169.0","125.0","55.0","1.49","838","0.0","31.1","2.5","4.0","2.0","25.35"
"49","1","69.3","1.62","191.0","122.0","62.0","1.14","626","1.0","28.8","1.9","4.0","2.0","26.41"
"42","1","42.7","1.74","161.0","130.0","71.0","1.04","608","3.0","32.9","1.6","3.0","1.0","14.1"
"57","1","51.4","1.63","183.0","134.0","73.0","1.2","724","0.0","33.7","2.0","4.0","2.0","19.35"
"18","1","67.4","1.6","182.0","164.0","71.0","0.6","492","3.0","33.5","2.4","3.0","1.0","26.33"
"33","1","55.6","1.61","161.0","147.0","54.0","1.77","1301","0.0","18.9","2.7","4.0","3.0","21.45"
"56","0","125.3","1.86","197.0","129.0","64.0","1","639","0.0","22.7","2.2","3.0","2.0","36.22"
"22","0","102.1","1.85","190.0","157.0","67.0","1.48","1278","2.0","28.1","2.4","4.0","2.0","29.83"
"39","0","61.9","1.77","199.0","166.0","69.0","1.32","1205","3.0","25.3","2.3","3.0","1.0","19.76"
"46","0","108.8","1.64","185.0","169.0","63.0","1.4","1171","3.0","20.5","3.4","3.0","1.0","40.45"
"20","1","51.1","1.58","188.0","169.0","64.0","0.5","422","0.0","29.6","1.6","2.0","1.0","20.47"
"29","0","81.7","1.99","162.0","126.0","54.0","1.45","1005","3.0","29.4","3.2","2.0","1.0","20.63"
"43","1","42.7","1.66","173.0","134.0","53.0","0.73","440","0.0","33.9","1.9","2.0","1.0","15.5"
"33","0","81.8","1.99","184.0","137.0","51.0","1.59","1198","3.0","10.5","3.5","4.0","3.0","20.66"
"54","0","54.6","1.76","160.0","137.0","56.0","1.28","868","2.0","27.4","3.3","4.0","2.0","17.63"
"39","0","107.7","1.88","162.0","160.0","59.0","0.72","634","3.0","28.1","3.6","2.0","1.0","30.47"
"46","1","56.9","1.6","185.0","143.0","65.0","0.88","566","2.0","27.7","1.6","3.0","1.0","22.23"
"31","0","78.8","1.71","177.0","121.0","59.0","1.49","992","1.0","24.7","2.5","4.0","2.0","26.95"
"45","1","48.2","1.64","168.0","159.0","67.0","1.25","894","3.0","32.1","2.5","4.0","2.0","17.92"
"22","1","50.7","1.59","197.0","139.0","66.0","1.27","883","3.0","29.4","1.8","3.0","2.0","20.05"
"47","0","86.6","1.99","182.0","153.0","70.0","1.98","1500","3.0","10.6","3.5","4.0","3.0","21.87"
"22","0","96.3","1.63","180.0","162.0","62.0","1.35","1203","2.0","27.1","2.4","4.0","2.0","36.25"
"29","0","80.8","1.98","160.0","145.0","50.0","1.65","1316","3.0","14.6","3.5","5.0","3.0","20.61"
"33","1","58","1.53","180.0","126.0","50.0","1.84","1159","3.0","18.3","2.7","5.0","3.0","24.78"
"43","0","95.9","1.85","186.0","157.0","64.0","1.28","995","0.0","27.7","3.4","2.0","1.0","28.02"
"43","1","61.5","1.58","165.0","149.0","50.0","1.86","1247","1.0","16.8","2.7","5.0","3.0","24.64"
"38","1","40.6","1.79","195.0","161.0","55.0","0.62","499","2.0","26.8","2.7","2.0","1.0","12.67"
"56","0","82.5","1.87","187.0","124.0","74.0","1.51","927","0.0","13.2","3.5","5.0","3.0","23.59"
"53","0","105.1","1.84","176.0","130.0","62.0","0.69","444","2.0","23.3","2.9","3.0","1.0","31.04"
"50","1","58.1","1.58","199.0","120.0","50.0","1.93","1042","0.0","19.3","2.7","5.0","3.0","23.27"
"47","1","61","1.76","162.0","153.0","54.0","1.54","1060","1.0","15.6","2.7","5.0","3.0","19.69"
"54","1","64.5","1.53","171.0","120.0","58.0","1.74","940","0.0","17.2","2.7","4.0","3.0","27.55"
"40","0","58.2","1.98","198.0","138.0","74.0","1.43","1085","2.0","24","2.5","3.0","2.0","14.85"
"27","1","69.5","1.76","171.0","121.0","66.0","0.94","569","3.0","34.4","2.0","3.0","1.0","22.44"
"22","0","62.2","1.84","161.0","140.0","65.0","0.51","393","3.0","21.5","2.3","3.0","1.0","18.37"
"53","1","68","1.7","181.0","139.0","57.0","1.06","663","1.0","25.1","2.4","4.0","2.0","23.53"
"51","1","56.3","1.5","182.0","142.0","66.0","1.43","914","2.0","27.4","2.4","3.0","1.0","25.02"
"48","0","94.5","1.7","189.0","140.0","64.0","1.01","700","2.0","28.2","3.5","3.0","2.0","32.7"
"27","1","58","1.79","164.0","143.0","73.0","1.39","994","2.0","27.1","1.5","2.0","1.0","18.1"
"36","0","84","1.94","168.0","123.0","50.0","1.8","1218","1.0","11.2","3.5","5.0","3.0","22.32"
"49","0","61","1.87","180.0","131.0","61.0","1.14","739","3.0","21.3","3.0","4.0","2.0","17.44"
"18","1","64.8","1.53","170.0","141.0","54.0","1.98","1396","0.0","18.6","2.7","5.0","3.0","27.68"
"22","0","45.7","1.77","164.0","139.0","73.0","1.04","795","1.0","20.7","2.4","3.0","1.0","14.59"
"21","0","80.9","1.9","194.0","137.0","55.0","1.8","1356","0.0","11.7","3.5","4.0","3.0","22.41"
"33","1","64.1","1.63","186.0","120.0","74.0","1.58","948","3.0","16.4","2.7","5.0","3.0","24.13"
"41","0","67","1.77","161.0","149.0","50.0","1.22","900","1.0","25.6","2.6","3.0","2.0","21.39"
"33","0","106.5","1.6","183.0","152.0","74.0","1.4","1170","3.0","27.3","3.3","4.0","2.0","41.6"
"19","0","95.1","1.85","190.0","143.0","50.0","1.21","952","0.0","25.3","2.3","4.0","2.0","27.79"
"45","1","65.5","1.57","192.0","133.0","59.0","0.66","395","2.0","34.3","2.3","2.0","1.0","26.57"
"49","0","105.7","1.64","198.0","155.0","59.0","1.2","921","2.0","29.5","3.1","3.0","2.0","39.3"
"44","1","48","1.76","189.0","124.0","52.0","0.88","491","0.0","28.6","2.6","2.0","1.0","15.5"
"37","1","69.5","1.5","196.0","130.0","66.0","0.69","448","2.0","32.8","2.4","2.0","1.0","30.89"
"41","0","66.1","1.69","187.0","143.0","68.0","0.77","545","0.0","27.4","3.4","2.0","1.0","23.14"
"29","0","68","1.7","190.0","150.0","60.0","0.76","627","1.0","28.9","2.9","2.0","1.0","23.53"
"52","0","50.3","1.78","170.0","132.0","67.0","0.85","555","1.0","24.5","2.3","2.0","1.0","15.88"
"50","1","69.3","1.68","182.0","135.0","51.0","1.2","729","1.0","30.3","2.0","2.0","1.0","24.55"
"50","0","86.7","1.63","161.0","143.0","58.0","1.7","1203","2.0","12.1","3.5","4.0","3.0","32.63"
"54","0","125.9","1.94","199.0","132.0","73.0","1.35","882","3.0","28.5","2.9","3.0","2.0","33.45"
"29","0","88.1","1.93","186.0","143.0","66.0","1.88","1479","2.0","11.1","3.5","5.0","3.0","23.65"
"20","0","124.3","1.82","194.0","145.0","63.0","1.25","997","2.0","22.4","3.2","3.0","2.0","37.53"
"18","0","62","1.85","161.0","121.0","53.0","0.88","586","3.0","23.7","3.0","3.0","1.0","18.12"
"50","1","69.7","1.72","198.0","135.0","66.0","1.24","753","3.0","27.3","2.0","4.0","2.0","23.56"
"57","1","60.9","1.52","196.0","157.0","66.0","1.31","926","3.0","30.6","1.8","3.0","2.0","26.36"
"27","0","76.5","1.97","180.0","165.0","61.0","1.13","1025","3.0","21.3","2.3","2.0","1.0","19.71"
"46","0","94.7","1.82","164.0","120.0","69.0","1.47","873","2.0","23.2","3.2","3.0","2.0","28.59"
"30","0","67.9","1.75","180.0","168.0","67.0","1.25","1155","0.0","29.1","3.1","2.0","1.0","22.17"
"29","0","121.1","1.87","188.0","130.0","52.0","1.31","937","1.0","24.1","3.2","4.0","2.0","34.63"
"48","1","71.5","1.64","179.0","154.0","60.0","1.46","1012","0.0","32.5","1.9","4.0","2.0","26.58"
"19","0","98.6","1.7","197.0","162.0","74.0","0.83","740","2.0","21.1","2.4","2.0","1.0","34.12"
"52","1","68.2","1.63","179.0","148.0","67.0","1.17","779","3.0","27.5","2.4","3.0","1.0","25.67"
"40","1","57.7","1.69","184.0","156.0","53.0","1.18","920","1.0","33.1","2.4","4.0","2.0","20.2"
"34","0","124.6","1.63","161.0","136.0","66.0","1.41","1055","1.0","27.6","2.8","3.0","2.0","46.9"
"43","1","73","1.59","191.0","158.0","67.0","1.31","931","0.0","28.9","2.2","3.0","1.0","28.88"
"25","1","59.4","1.51","185.0","161.0","54.0","1.62","1304","2.0","19.8","2.7","5.0","3.0","26.05"
"46","1","52","1.65","165.0","147.0","63.0","0.7","463","2.0","34.1","1.9","2.0","1.0","19.1"
"43","1","42.2","1.65","162.0","148.0","59.0","1.33","886","2.0","34.6","2.3","3.0","2.0","15.5"
"27","0","89.3","1.64","192.0","162.0","64.0","1.82","1622","1.0","12.1","3.5","4.0","3.0","33.2"
"43","0","110","1.76","160.0","122.0","50.0","1.09","658","0.0","22","3.4","3.0","1.0","35.51"
"51","1","66.2","1.58","164.0","129.0","65.0","0.86","499","1.0","31.3","2.3","3.0","1.0","26.52"
"58","0","58.6","1.66","172.0","161.0","60.0","1.21","964","1.0","26.8","2.9","2.0","1.0","21.27"
"24","0","51","1.67","178.0","133.0","72.0","0.97","710","3.0","21.3","2.8","3.0","1.0","18.29"
"21","0","101.5","1.95","171.0","131.0","69.0","0.97","699","0.0","27.9","3.1","3.0","1.0","26.69"
"28","0","114.2","1.87","184.0","166.0","55.0","1.05","959","3.0","20.2","3.2","3.0","2.0","32.66"
"46","0","54.4","1.72","194.0","161.0","73.0","0.91","725","2.0","24.8","2.9","2.0","1.0","18.39"
"53","1","52.4","1.57","171.0","149.0","71.0","1.34","898","1.0","28.3","2.2","3.0","2.0","21.26"
"42","0","85.2","1.81","189.0","151.0","65.0","1.54","1151","0.0","13.7","3.5","5.0","3.0","26.01"
"38","0","83.6","1.74","164.0","151.0","51.0","1.66","1379","2.0","11.6","3.5","5.0","3.0","27.61"
"53","0","115.4","1.92","193.0","161.0","50.0","1.36","1084","0.0","28.3","2.2","4.0","2.0","31.3"
"27","0","71.2","1.97","181.0","151.0","73.0","0.74","615","1.0","25.9","3.6","3.0","1.0","18.35"
"54","1","78.1","1.6","198.0","145.0","73.0","1.1","718","0.0","32.9","2.4","4.0","2.0","30.51"
"26","1","54.2","1.65","172.0","120.0","58.0","1.07","642","2.0","34.9","1.9","4.0","2.0","19.91"
"41","1","77.6","1.76","162.0","161.0","71.0","1.27","920","3.0","31.8","2.2","4.0","2.0","25.05"
"52","1","44.1","1.62","179.0","121.0","61.0","1.41","768","1.0","34.8","1.6","3.0","1.0","16.8"
"52","0","85.5","1.8","190.0","136.0","66.0","1.7","1144","3.0","10.1","3.5","5.0","3.0","26.39"
"53","1","47.8","1.76","164.0","149.0","74.0","1.06","711","1.0","28.4","1.5","4.0","2.0","15.43"
"35","0","102.5","1.94","183.0","158.0","64.0","0.84","730","2.0","21.1","2.4","2.0","1.0","27.23"
"56","0","118","1.9","199.0","126.0","68.0","0.66","412","1.0","22.6","3.2","2.0","1.0","32.69"
"49","0","82.3","1.84","192.0","146.0","71.0","1.29","932","3.0","28.4","3.4","4.0","2.0","24.31"
"41","0","81.6","1.87","167.0","128.0","59.0","1.87","1185","1.0","10.2","3.5","5.0","3.0","23.33"
"40","0","60.2","1.88","183.0","141.0","61.0","1.22","946","2.0","25.2","3.0","3.0","2.0","17.03"
"49","1","49.2","1.54","179.0","153.0","63.0","1.28","881","1.0","30.7","2.1","3.0","2.0","20.75"
"54","1","46.6","1.5","175.0","165.0","58.0","1.38","1025","3.0","30.6","2.0","2.0","1.0","20.71"
"29","1","68.7","1.72","171.0","168.0","62.0","1.08","907","2.0","29.8","1.7","4.0","2.0","23.22"
"30","1","60.6","1.55","172.0","120.0","52.0","1.3","780","3.0","32.9","1.6","3.0","2.0","25.22"
"40","0","52.1","1.61","198.0","128.0","70.0","0.87","612","1.0","21.3","3.3","2.0","1.0","20.1"
"42","1","46.6","1.77","184.0","139.0","63.0","0.61","382","0.0","28.1","2.6","2.0","1.0","14.87"
"52","0","65.5","1.74","191.0","138.0","70.0","1.48","1011","3.0","26.2","2.8","4.0","2.0","21.63"
"58","1","44.2","1.57","183.0","155.0","59.0","1.08","753","1.0","31.9","2.3","3.0","1.0","17.93"
"47","0","89.1","1.84","168.0","159.0","65.0","1.44","1133","0.0","24","3.6","3.0","2.0","26.32"
"34","0","65.9","1.62","199.0","164.0","56.0","0.81","731","0.0","28.8","2.2","2.0","1.0","25.11"
"37","1","55.6","1.57","182.0","123.0","53.0","0.97","597","2.0","29.2","2.4","2.0","1.0","22.56"
"42","0","63.7","1.98","172.0","128.0","69.0","1.37","868","0.0","24","3.0","2.0","1.0","16.25"
"39","0","86.2","1.82","191.0","160.0","72.0","1.96","1725","3.0","10.2","3.5","5.0","3.0","26.02"
"30","1","59.2","1.63","174.0","141.0","74.0","1.85","1304","3.0","17.8","2.7","4.0","3.0","22.28"
"36","0","85.4","1.88","195.0","137.0","60.0","1.98","1492","0.0","13.5","3.5","5.0","3.0","24.16"
"53","1","68.1","1.55","164.0","131.0","65.0","1.41","831","1.0","26.1","2.2","4.0","2.0","28.35"
"29","1","60","1.62","181.0","161.0","69.0","0.85","684","3.0","28.1","1.9","2.0","1.0","22.86"
"58","1","74.8","1.69","175.0","162.0","53.0","1.28","933","3.0","32.8","2.3","4.0","2.0","26.19"
"36","0","90.3","1.65","169.0","158.0","71.0","1.38","1199","2.0","23.7","3.4","4.0","2.0","33.17"
"29","0","86.1","1.65","183.0","128.0","71.0","1.66","1169","1.0","11.2","3.5","4.0","3.0","31.63"
"26","0","73.7","1.66","177.0","125.0","72.0","0.93","639","0.0","26.7","2.2","2.0","1.0","26.75"
"24","1","67.7","1.56","177.0","138.0","66.0","1.42","980","1.0","27","2.1","3.0","2.0","27.82"
"45","0","78.3","1.96","166.0","167.0","62.0","1.29","1066","2.0","29","2.2","3.0","1.0","20.38"
"31","1","48.2","1.65","163.0","166.0","60.0","1.1","913","2.0","26.1","2.5","2.0","1.0","17.7"
"48","1","56.8","1.51","185.0","126.0","52.0","1.37","777","1.0","32.1","2.1","4.0","2.0","24.91"
"36","0","112.4","1.63","164.0","135.0","58.0","1.02","757","2.0","25","3.4","4.0","2.0","42.3"
"33","1","59","1.67","175.0","124.0","55.0","0.9","558","2.0","33.7","1.9","3.0","1.0","21.16"
"22","0","98.4","1.88","194.0","135.0","71.0","0.52","386","2.0","21.3","2.2","2.0","1.0","27.84"
"52","0","66.5","1.6","185.0","120.0","70.0","1.34","796","1.0","26.8","2.1","4.0","2.0","25.98"
"29","0","106.5","1.81","177.0","156.0","60.0","1.29","1107","2.0","25.7","2.5","4.0","2.0","32.51"
"42","0","88.4","1.93","188.0","158.0","65.0","1.68","1314","0.0","12.4","3.5","4.0","3.0","23.73"
"38","0","88.4","1.79","182.0","138.0","68.0","1.74","1321","0.0","12.5","3.5","5.0","3.0","27.59"
"53","1","53.3","1.74","173.0","156.0","54.0","1.37","962","3.0","32.2","1.8","3.0","2.0","17.6"
"40","1","58.1","1.56","174.0","136.0","63.0","0.61","415","0.0","34.4","2.2","2.0","1.0","23.87"
"33","1","74.2","1.76","192.0","145.0","66.0","1.15","834","3.0","25.9","1.5","4.0","2.0","23.95"
"56","0","84.6","1.63","184.0","141.0","52.0","1.01","705","1.0","20.2","2.9","4.0","2.0","31.84"
"59","0","78","1.92","180.0","127.0","53.0","0.72","453","2.0","28.1","2.7","3.0","1.0","21.16"
"56","0","89","1.68","176.0","152.0","65.0","1.77","1332","0.0","10.5","3.5","5.0","3.0","31.53"
"31","1","42.7","1.76","182.0","121.0","65.0","1.46","883","3.0","34.9","2.2","3.0","1.0","13.78"
"48","0","83.9","1.82","176.0","149.0","70.0","1.9","1401","1.0","13.1","3.5","5.0","3.0","25.33"
"22","1","78.7","1.52","173.0","166.0","74.0","1.45","1204","3.0","31.5","2.3","3.0","2.0","34.06"
"52","1","65.9","1.52","188.0","139.0","53.0","1.27","794","2.0","27","2.3","4.0","2.0","28.52"
"40","0","76.9","1.92","179.0","137.0","68.0","1.13","851","0.0","22.4","3.7","4.0","2.0","20.86"
"46","0","84.3","2","189.0","162.0","66.0","1.83","1467","1.0","13.3","3.5","5.0","3.0","21.07"
"28","1","62.4","1.6","178.0","129.0","62.0","1.1","710","3.0","34.1","1.7","3.0","2.0","24.37"
"35","0","63.7","1.74","198.0","143.0","71.0","1.03","810","1.0","29.8","2.7","4.0","2.0","21.04"
"29","1","54.9","1.52","172.0","123.0","72.0","1.48","910","3.0","27","2.0","3.0","1.0","23.76"
"26","0","76.4","1.79","177.0","156.0","73.0","1.17","1004","3.0","21.3","2.7","3.0","2.0","23.84"
"27","0","106.4","1.86","182.0","123.0","50.0","1.34","907","2.0","20.6","3.1","2.0","1.0","30.76"
"34","1","68.4","1.5","192.0","132.0","61.0","1.37","904","2.0","33.7","2.1","4.0","2.0","30.4"
"55","0","63.5","1.86","198.0","144.0","53.0","1.36","969","3.0","22.9","2.9","4.0","2.0","18.35"
"24","1","59.4","1.5","199.0","132.0","60.0","1.25","825","0.0","25","2.0","3.0","2.0","26.4"
"30","0","113.4","1.91","177.0","137.0","54.0","1.27","957","1.0","22.2","3.7","3.0","1.0","31.08"
"57","1","61.9","1.52","168.0","143.0","51.0","0.92","592","1.0","28.4","2.6","3.0","1.0","26.79"
"59","1","70.7","1.68","192.0","121.0","66.0","1.17","637","2.0","34.9","1.9","3.0","2.0","25.05"
"26","0","111.5","1.9","191.0","167.0","57.0","1.02","937","0.0","25.2","2.2","2.0","1.0","30.89"
"44","1","72.1","1.66","176.0","152.0","55.0","1.4","958","3.0","27","2.5","2.0","1.0","26.16"
"19","0","56.9","1.87","178.0","138.0","70.0","0.61","463","2.0","23.3","3.7","3.0","1.0","16.27"
"22","0","86.2","1.9","186.0","128.0","58.0","1.91","1345","3.0","11.7","3.5","5.0","3.0","23.88"
"46","0","59.4","1.68","165.0","147.0","62.0","1.16","844","3.0","20.2","2.5","4.0","2.0","21.05"
"54","1","75.6","1.72","194.0","154.0","60.0","0.97","672","2.0","26.4","1.9","3.0","1.0","25.55"
"55","1","76.3","1.73","196.0","158.0","65.0","1.08","768","0.0","32","2.6","3.0","1.0","25.49"
"36","0","95.8","1.86","193.0","129.0","65.0","1.37","972","1.0","21.2","3.2","3.0","1.0","27.69"
"25","0","120.6","1.83","179.0","120.0","51.0","1.04","686","2.0","22.3","2.5","3.0","2.0","36.01"
"18","1","65.3","1.55","184.0","161.0","59.0","1.42","1143","0.0","28.5","2.2","3.0","2.0","27.18"
"39","0","85.3","1.89","163.0","140.0","61.0","0.77","593","3.0","27.6","3.6","2.0","1.0","23.88"
"34","0","68","1.68","169.0","128.0","57.0","0.67","472","2.0","25.8","3.4","2.0","1.0","24.09"
"24","1","52.6","1.57","169.0","166.0","60.0","1.29","1071","1.0","31.9","2.4","2.0","1.0","21.34"
"42","0","63.3","1.77","183.0","134.0","59.0","1.32","876","1.0","25.7","3.3","3.0","2.0","20.2"
"21","1","76.3","1.65","180.0","154.0","62.0","1.14","878","3.0","31.8","1.7","3.0","2.0","28.03"
"53","0","61","1.63","170.0","124.0","74.0","0.54","331","2.0","20","3.4","3.0","1.0","22.96"
"23","1","67.8","1.61","186.0","160.0","66.0","1.34","1072","1.0","34.3","1.8","2.0","1.0","26.16"
"48","0","114.9","1.86","175.0","141.0","56.0","1.36","949","2.0","21.1","3.6","3.0","1.0","33.21"
"36","0","88","1.71","185.0","160.0","73.0","1.87","1646","1.0","12","3.5","5.0","3.0","30.09"
"56","1","67.7","1.58","189.0","142.0","52.0","1.45","927","3.0","32.7","1.9","2.0","1.0","27.12"
"44","0","124.8","1.85","175.0","126.0","69.0","1.35","842","3.0","24.4","3.5","4.0","2.0","36.46"
"27","1","53","1.58","166.0","142.0","62.0","1.26","895","2.0","34.5","1.8","4.0","2.0","21.23"
"43","0","61.2","1.88","175.0","163.0","68.0","1.03","831","0.0","24.7","2.9","3.0","1.0","17.32"
"36","1","48.7","1.68","194.0","144.0","56.0","1.23","886","0.0","33.7","1.6","3.0","1.0","17.25"
"56","1","50.6","1.7","175.0","146.0","58.0","1.29","848","3.0","33.1","2.3","2.0","1.0","17.51"
"20","1","72.6","1.73","199.0","160.0","68.0","1.27","1016","1.0","34.8","2.5","3.0","2.0","24.26"
"30","1","70.4","1.56","171.0","125.0","62.0","1.03","644","0.0","34.3","2.4","4.0","2.0","28.93"
"45","0","52.5","1.88","194.0","153.0","71.0","1.08","818","3.0","29","2.9","4.0","2.0","14.85"
"37","0","76.3","1.77","180.0","128.0","57.0","1.36","957","1.0","27.3","2.1","4.0","2.0","24.35"
"45","1","41.2","1.58","195.0","168.0","71.0","1.47","1111","1.0","28.7","2.6","2.0","1.0","16.5"
"25","1","55.3","1.76","176.0","152.0","67.0","1.56","1186","0.0","15.5","2.7","4.0","3.0","17.85"
"58","1","49.7","1.67","191.0","125.0","72.0","1.38","776","3.0","31.9","2.3","4.0","2.0","17.82"
"56","0","48.3","1.87","165.0","156.0","51.0","0.68","525","1.0","29.8","3.3","3.0","1.0","13.81"
"18","0","83.2","1.96","183.0","150.0","67.0","1.83","1510","1.0","13.6","3.5","4.0","3.0","21.66"
"20","0","120.5","1.73","186.0","153.0","67.0","1.01","850","2.0","29.3","3.4","3.0","2.0","40.26"
"30","0","121.6","2","179.0","160.0","60.0","1.24","1091","2.0","28","3.3","4.0","2.0","30.4"
"45","1","73","1.75","184.0","148.0","50.0","1.14","759","0.0","26.6","2.0","4.0","2.0","23.84"
"42","1","57.5","1.67","161.0","133.0","63.0","1.76","1053","2.0","16.2","2.7","5.0","3.0","20.62"
"50","1","42.7","1.53","168.0","155.0","65.0","1.41","983","3.0","28.4","2.4","4.0","2.0","18.24"
"55","0","129.9","1.73","187.0","155.0","60.0","0.69","529","0.0","21.7","3.1","3.0","1.0","43.4"
"23","0","108.6","1.92","197.0","134.0","50.0","0.89","656","0.0","25.8","3.5","2.0","1.0","29.46"
"49","0","88.6","2","162.0","127.0","56.0","1.83","1150","2.0","14.9","3.5","4.0","3.0","22.15"
"38","1","49.7","1.51","179.0","145.0","65.0","1.25","906","1.0","32.6","2.5","3.0","1.0","21.8"
"33","1","56.4","1.54","165.0","155.0","63.0","1.06","822","3.0","29.2","1.5","3.0","1.0","23.78"
"38","0","46.9","1.74","198.0","167.0","64.0","1.03","946","3.0","20","2.6","4.0","2.0","15.49"
"28","1","71.3","1.67","192.0","140.0","63.0","1.46","1022","3.0","28.1","1.5","4.0","2.0","25.57"
"54","0","71.6","1.86","160.0","147.0","70.0","1.14","830","0.0","25.3","2.2","3.0","2.0","20.7"
"53","0","82.3","1.61","196.0","123.0","60.0","1.87","1139","3.0","11.6","3.5","5.0","3.0","31.75"
"52","1","70.6","1.69","165.0","135.0","65.0","1.36","826","1.0","26.1","2.2","3.0","1.0","24.72"
"36","0","109.8","1.62","193.0","141.0","68.0","0.84","651","1.0","24.4","3.5","3.0","1.0","41.84"
"37","1","73.5","1.69","174.0","131.0","66.0","0.54","354","2.0","27.5","1.6","2.0","1.0","25.73"
"35","0","85.6","1.85","185.0","135.0","55.0","1.78","1322","3.0","14.5","3.5","5.0","3.0","25.01"
"58","1","74.6","1.68","173.0","159.0","60.0","1.03","737","0.0","26","2.0","4.0","2.0","26.43"
"31","1","63.2","1.8","166.0","157.0","66.0","0.59","463","2.0","25.5","2.6","2.0","1.0","19.51"
"32","1","62.6","1.63","190.0","161.0","58.0","1.67","1344","1.0","15","2.7","5.0","3.0","23.56"
"48","0","87.1","1.76","183.0","156.0","67.0","1.81","1398","3.0","11.6","3.5","5.0","3.0","28.12"
"18","0","82.3","1.84","190.0","148.0","66.0","1.73","1408","1.0","13.3","3.5","5.0","3.0","24.31"
"20","1","64.3","1.78","188.0","137.0","61.0","1.71","1171","2.0","18.7","2.7","4.0","3.0","20.29"
"33","1","53.7","1.66","191.0","129.0","72.0","1.25","806","1.0","29.5","2.5","3.0","1.0","19.49"
"40","0","63","2","176.0","161.0","71.0","1.42","1257","3.0","26.8","2.9","4.0","2.0","15.75"
"28","0","128.4","1.86","173.0","158.0","71.0","1.06","921","3.0","23.6","3.3","4.0","2.0","37.11"
"29","0","88","1.89","199.0","137.0","54.0","1.75","1319","2.0","13.3","3.5","5.0","3.0","24.64"
"27","1","63.7","1.52","195.0","120.0","60.0","1.19","714","3.0","25.4","2.1","4.0","2.0","27.57"
"49","0","83.7","1.87","183.0","158.0","53.0","1.29","1009","1.0","23.9","2.3","4.0","2.0","23.94"
"33","0","102.6","1.75","186.0","140.0","53.0","1.4","1078","1.0","27.9","2.2","3.0","2.0","33.5"
"25","1","77.7","1.55","184.0","120.0","52.0","0.55","330","0.0","33","1.7","2.0","1.0","32.34"
"55","0","87.5","1.88","191.0","134.0","73.0","1.19","789","0.0","27.2","2.6","4.0","2.0","24.76"
"29","0","87","1.86","177.0","123.0","72.0","1.52","1028","0.0","11","3.5","4.0","3.0","25.15"
"41","0","82.8","1.66","177.0","139.0","74.0","1.97","1355","1.0","11.2","3.5","5.0","3.0","30.05"
"45","1","65.4","1.68","196.0","129.0","66.0","0.76","441","1.0","35","2.6","3.0","1.0","23.17"
"25","1","47.2","1.71","185.0","142.0","56.0","0.89","632","2.0","26","2.5","2.0","1.0","16.14"
"45","1","58.2","1.7","168.0","160.0","53.0","0.95","684","0.0","26.8","2.0","3.0","1.0","20.14"
"53","1","73.5","1.55","194.0","153.0","72.0","1.17","806","1.0","26.3","2.1","4.0","2.0","30.59"
"43","1","55.2","1.73","167.0","165.0","62.0","1.67","1240","2.0","16.6","2.7","5.0","3.0","18.44"
"25","1","64.4","1.71","179.0","167.0","61.0","1.12","935","1.0","27.1","1.8","3.0","1.0","22.02"
"45","1","73.5","1.74","181.0","152.0","50.0","1.18","807","2.0","30","2.3","4.0","2.0","24.28"
"45","0","89.6","1.81","178.0","153.0","70.0","1.7","1287","0.0","12.4","3.5","5.0","3.0","27.35"
"54","0","86.5","1.76","189.0","158.0","68.0","1.48","1158","0.0","29","3.4","3.0","2.0","27.92"
"58","1","46.1","1.67","187.0","129.0","70.0","1.28","743","0.0","25.3","1.8","4.0","2.0","16.53"
"53","0","68.5","1.97","194.0","139.0","69.0","1.3","894","1.0","23.2","2.1","3.0","2.0","17.65"
"44","0","94.6","1.84","170.0","120.0","67.0","1.26","748","1.0","26","3.1","4.0","2.0","27.94"
"34","1","54.2","1.52","190.0","132.0","60.0","1.13","746","2.0","31","2.2","3.0","1.0","23.46"
"26","0","47.7","1.77","198.0","120.0","69.0","1.15","759","3.0","24.8","2.7","3.0","2.0","15.23"
"50","0","52.2","1.84","195.0","124.0","52.0","1.38","847","3.0","28.2","3.1","4.0","2.0","15.42"
"37","0","88.8","1.95","189.0","135.0","66.0","1.58","1173","0.0","10.3","3.5","5.0","3.0","23.35"
"30","0","101","1.68","182.0","134.0","61.0","1.46","1076","3.0","28.2","2.9","4.0","2.0","35.79"
"45","0","118.4","1.95","178.0","168.0","59.0","1.06","881","0.0","24.9","2.4","3.0","2.0","31.14"
"46","1","47.9","1.72","171.0","147.0","57.0","1.41","933","2.0","26.3","2.0","3.0","1.0","16.19"
"30","1","51.5","1.74","174.0","150.0","64.0","1.08","810","3.0","33.9","2.0","3.0","2.0","17.01"
"52","1","79.9","1.51","190.0","142.0","54.0","0.75","479","3.0","31.5","2.6","3.0","1.0","35.04"
"23","0","121.3","1.85","196.0","167.0","53.0","0.72","661","0.0","21.6","3.6","2.0","1.0","35.44"
"35","1","78.9","1.64","196.0","164.0","70.0","1.28","1050","2.0","25.3","2.6","4.0","2.0","29.34"
"22","0","88.5","1.62","174.0","162.0","69.0","1.88","1675","3.0","10.7","3.5","5.0","3.0","33.72"
"42","0","73.5","1.63","188.0","136.0","68.0","0.52","350","3.0","26.1","3.2","3.0","1.0","27.66"
"19","0","127.9","1.93","185.0","168.0","70.0","1.27","1173","3.0","21.8","3.0","4.0","2.0","34.34"
"27","0","88.5","1.98","161.0","153.0","53.0","1.8","1515","2.0","11.1","3.5","4.0","3.0","22.57"
"47","1","43.4","1.62","179.0","132.0","64.0","0.51","303","2.0","25.3","2.3","3.0","1.0","16.54"
"22","1","42.8","1.56","174.0","133.0","66.0","1.47","978","3.0","32.2","2.6","3.0","2.0","17.59"
"50","0","64.5","1.79","163.0","130.0","61.0","1.17","753","0.0","28.1","2.4","4.0","2.0","20.13"
"18","1","50.7","1.53","181.0","147.0","52.0","1.29","948","0.0","33","2.1","3.0","2.0","21.66"
"35","0","59.2","1.66","197.0","161.0","59.0","1.3","1151","3.0","21.3","3.2","3.0","1.0","21.48"
"49","1","78.9","1.73","182.0","151.0","64.0","1.38","938","2.0","34","2.3","2.0","1.0","26.36"
"28","1","78.7","1.63","185.0","154.0","59.0","1.1","847","3.0","31.7","1.8","3.0","2.0","29.62"
"38","0","68.7","1.92","170.0","150.0","73.0","1.31","1081","2.0","29","3.0","4.0","2.0","18.64"
"43","1","53.1","1.59","187.0","136.0","72.0","0.82","502","3.0","29.5","2.5","2.0","1.0","21"
"42","0","64.8","1.65","161.0","166.0","67.0","1.1","904","2.0","24.4","2.8","3.0","2.0","23.8"
"39","1","50.3","1.61","167.0","128.0","50.0","1.17","749","1.0","32.8","2.5","2.0","1.0","19.41"
"44","0","102.3","1.63","188.0","129.0","52.0","1.34","856","0.0","20.9","2.6","4.0","2.0","38.5"
"30","0","62.9","1.92","170.0","127.0","70.0","1.13","789","1.0","25.2","3.6","2.0","1.0","17.06"
"50","1","56.5","1.6","196.0","140.0","61.0","1.88","1184","0.0","19.2","2.7","5.0","3.0","22.07"
"51","1","74.6","1.55","177.0","132.0","50.0","0.71","422","2.0","33.3","2.1","2.0","1.0","31.05"
"58","0","52","1.79","173.0","169.0","52.0","1.12","937","1.0","29.6","3.0","3.0","1.0","16.23"
"52","1","52.1","1.67","169.0","124.0","52.0","1.5","837","0.0","32","1.5","2.0","1.0","18.68"
"18","1","72.2","1.54","194.0","125.0","54.0","0.97","606","3.0","27.1","1.7","2.0","1.0","30.44"
"38","0","85.8","1.8","168.0","149.0","68.0","1.72","1410","2.0","10.1","3.5","4.0","3.0","26.48"
"23","0","81.4","1.85","194.0","150.0","74.0","1.6","1320","2.0","12.4","3.5","4.0","3.0","23.78"
"45","1","50.9","1.65","170.0","136.0","50.0","1.45","887","3.0","30.1","2.3","2.0","1.0","18.7"
"34","0","52","1.78","171.0","130.0","53.0","1.38","987","3.0","22.4","2.7","4.0","2.0","16.41"
"22","0","71","1.93","162.0","139.0","53.0","1.42","1086","0.0","21.2","2.9","4.0","2.0","19.06"
"48","0","80.6","1.77","198.0","167.0","66.0","1.51","1248","2.0","12.9","3.5","4.0","3.0","25.73"
"22","1","58.3","1.72","173.0","128.0","63.0","1","640","0.0","32.6","1.6","3.0","2.0","19.71"
"55","1","63","1.7","187.0","121.0","67.0","1.32","719","3.0","34.9","2.5","3.0","1.0","21.8"
"20","0","111","1.94","170.0","156.0","50.0","1.02","875","2.0","27.6","3.3","4.0","2.0","29.49"
"40","1","52.6","1.66","198.0","120.0","71.0","1.27","762","3.0","32.9","1.7","3.0","2.0","19.09"
"54","0","116.4","2","184.0","123.0","65.0","1.13","688","0.0","26.2","3.1","3.0","1.0","29.1"
"54","1","75.6","1.61","180.0","155.0","52.0","1.41","983","0.0","34.9","2.5","4.0","2.0","29.17"
"27","0","61.6","1.8","169.0","144.0","72.0","1.48","1172","0.0","26.4","3.1","2.0","1.0","19.01"
"27","0","108","1.8","174.0","122.0","70.0","1.38","926","2.0","28.6","2.5","4.0","2.0","33.33"
"36","1","59.3","1.75","178.0","128.0","58.0","0.99","634","3.0","34.5","2.3","3.0","1.0","19.36"
"34","0","75.7","1.94","181.0","141.0","72.0","1.18","915","3.0","29.3","2.4","4.0","2.0","20.11"
"38","1","56.3","1.6","180.0","142.0","53.0","1.21","859","0.0","28.8","1.9","4.0","2.0","21.99"
"31","1","58.2","1.73","191.0","131.0","70.0","1.17","766","0.0","25.8","1.8","3.0","2.0","19.45"
"26","0","55.7","1.68","182.0","129.0","54.0","1.13","802","0.0","21.7","2.9","3.0","1.0","19.73"
"18","0","125.9","1.67","172.0","153.0","60.0","1.46","1229","0.0","20.6","2.2","3.0","2.0","45.14"
"30","1","62.7","1.67","164.0","162.0","70.0","1.02","826","1.0","26.1","2.6","4.0","2.0","22.48"
"21","0","86.6","1.86","163.0","129.0","58.0","1.37","972","1.0","21.8","2.6","3.0","2.0","25.03"
"18","0","64.5","1.82","187.0","149.0","52.0","1.2","983","1.0","23.4","2.4","3.0","2.0","19.47"
"57","0","76.6","1.86","173.0","141.0","55.0","1.14","796","0.0","25.4","2.8","4.0","2.0","22.14"
"49","0","81.4","1.83","167.0","125.0","73.0","1.98","1225","0.0","13.6","3.5","5.0","3.0","24.31"
"51","0","60.7","1.71","168.0","169.0","60.0","1.14","954","3.0","22.1","2.5","2.0","1.0","20.76"
"45","1","57.2","1.55","194.0","121.0","58.0","1.67","909","2.0","18.4","2.7","5.0","3.0","23.81"
"48","1","73","1.59","196.0","149.0","64.0","1.19","798","3.0","32","2.1","3.0","2.0","28.88"
"25","0","123.8","1.99","180.0","121.0","72.0","1.13","752","1.0","25.6","2.6","3.0","1.0","31.26"
"56","0","93.6","1.66","177.0","151.0","52.0","1.37","1024","3.0","29","2.2","2.0","1.0","33.97"
"43","0","76.8","1.92","192.0","161.0","50.0","1.24","988","0.0","21.1","2.5","3.0","1.0","20.83"
"51","1","54.7","1.53","167.0","135.0","69.0","1.11","674","1.0","26.8","2.0","4.0","2.0","23.37"
"20","0","92.3","1.94","176.0","131.0","71.0","1.14","821","1.0","24.3","2.1","3.0","2.0","24.52"
"29","1","71.8","1.55","190.0","120.0","68.0","1.2","720","2.0","26.3","2.4","4.0","2.0","29.89"
"18","1","66.9","1.57","193.0","127.0","63.0","1.07","679","2.0","30.7","2.2","3.0","2.0","27.14"
"22","1","48.7","1.76","165.0","167.0","66.0","1.37","1144","1.0","29","2.2","4.0","2.0","15.72"
"47","0","66.2","1.71","181.0","169.0","71.0","1.42","1188","1.0","22.8","2.9","3.0","1.0","22.64"
"47","1","40","1.76","173.0","132.0","63.0","0.8","475","3.0","26.7","2.2","3.0","1.0","12.91"
"34","0","112.4","1.85","162.0","134.0","66.0","1.18","870","1.0","23.4","3.6","4.0","2.0","32.84"
"40","1","70","1.55","171.0","163.0","74.0","0.85","693","0.0","31.1","1.5","3.0","1.0","29.14"
"32","0","84","1.74","195.0","127.0","63.0","1.45","1013","3.0","25.8","2.1","3.0","1.0","27.74"
"54","1","43.8","1.65","171.0","129.0","61.0","1.29","749","0.0","26.6","1.7","4.0","2.0","16.09"
"38","0","123.3","1.62","161.0","165.0","65.0","1.34","1216","0.0","21.2","2.3","4.0","2.0","46.98"
"31","1","57.9","1.56","161.0","124.0","50.0","1.8","1116","0.0","15.1","2.7","5.0","3.0","23.79"
"19","0","82.4","1.96","174.0","169.0","62.0","1.9","1766","1.0","10.1","3.5","5.0","3.0","21.45"
"28","0","84.8","1.79","182.0","138.0","55.0","1.35","1025","2.0","28.8","2.3","4.0","2.0","26.47"
"56","0","109.6","1.66","188.0","166.0","66.0","1.29","1060","2.0","20.5","3.1","3.0","2.0","39.77"
"55","0","86.4","1.77","176.0","157.0","61.0","1","777","0.0","27.3","2.8","3.0","2.0","27.58"
"51","1","63.9","1.8","191.0","130.0","72.0","1.07","626","1.0","33.7","2.7","4.0","2.0","19.72"
"55","1","70.8","1.62","166.0","162.0","68.0","0.54","394","3.0","26","1.8","3.0","1.0","26.98"
"51","0","115.3","1.67","189.0","139.0","55.0","1.38","950","0.0","24.4","2.5","3.0","2.0","41.34"
"35","1","55.3","1.56","187.0","139.0","56.0","1.71","1188","3.0","19.8","2.7","5.0","3.0","22.72"
"47","0","73.9","1.8","173.0","140.0","50.0","1.36","942","3.0","28.3","3.7","3.0","1.0","22.81"
"32","0","97.3","1.96","189.0","137.0","50.0","1.36","1025","1.0","24.9","3.4","3.0","2.0","25.33"
"44","1","60.4","1.65","176.0","169.0","54.0","1.27","966","1.0","32.6","2.1","4.0","2.0","22.19"
"51","0","49.3","1.61","191.0","129.0","55.0","1.36","868","2.0","28.3","2.9","2.0","1.0","19.02"
"55","0","91.8","1.78","165.0","153.0","65.0","1.44","1091","2.0","23.5","3.4","3.0","1.0","28.97"
"50","1","73.6","1.55","183.0","145.0","74.0","0.89","581","1.0","33.9","2.1","3.0","1.0","30.63"
"41","0","47.1","1.78","165.0","149.0","65.0","1.26","929","0.0","24.7","2.4","3.0","1.0","14.87"
"32","0","65.2","1.62","186.0","128.0","63.0","0.58","408","2.0","25.3","3.4","2.0","1.0","24.84"
"47","0","87.2","1.64","177.0","165.0","50.0","2","1634","3.0","15","3.5","4.0","3.0","32.42"
"59","0","96.7","1.71","183.0","150.0","62.0","0.57","423","0.0","28.4","2.9","3.0","1.0","33.07"
"34","1","46.9","1.61","196.0","161.0","69.0","1.02","821","3.0","28.6","1.7","3.0","2.0","18.09"
"22","1","72.1","1.62","183.0","123.0","59.0","1.38","849","1.0","25.1","2.1","3.0","1.0","27.47"
"46","1","62.5","1.54","197.0","125.0","73.0","1.61","906","3.0","18.1","2.7","4.0","3.0","26.35"
"21","0","110.7","1.69","193.0","133.0","59.0","1.06","775","0.0","27","2.7","3.0","1.0","38.76"
"27","0","102.6","1.83","199.0","123.0","58.0","1.41","954","1.0","26.5","3.5","3.0","2.0","30.64"
"34","1","64.3","1.62","174.0","145.0","62.0","1.76","1276","0.0","19.8","2.7","5.0","3.0","24.5"
"27","0","80.7","1.61","170.0","166.0","52.0","1.75","1598","3.0","14.3","3.5","4.0","3.0","31.13"
"34","0","115.3","1.81","181.0","167.0","67.0","1.36","1249","0.0","24.5","2.2","2.0","1.0","35.19"
"37","0","87.8","1.69","183.0","158.0","69.0","1.81","1573","1.0","10.3","3.5","5.0","3.0","30.74"
"41","0","74.3","1.61","160.0","136.0","51.0","1.06","714","3.0","24.8","3.5","4.0","2.0","28.66"
"22","1","78.5","1.7","177.0","138.0","66.0","1.36","938","3.0","31.9","2.1","4.0","2.0","27.16"
"51","1","77.3","1.58","171.0","168.0","68.0","0.97","733","2.0","31.1","2.0","2.0","1.0","30.96"
"23","1","64.5","1.7","187.0","125.0","72.0","0.51","319","2.0","30.4","1.7","2.0","1.0","22.32"
"19","0","72","1.94","199.0","148.0","62.0","1.17","952","0.0","24.7","3.2","3.0","2.0","19.13"
"30","1","77.9","1.77","166.0","130.0","62.0","1.41","916","2.0","27.9","2.6","4.0","2.0","24.87"
"28","1","69.6","1.58","182.0","135.0","50.0","1.49","1006","2.0","27.8","2.0","3.0","2.0","27.88"
"40","0","68.9","1.99","180.0","149.0","51.0","1.16","951","2.0","25","2.4","4.0","2.0","17.4"
"33","0","45.9","1.89","193.0","144.0","50.0","1.45","1148","2.0","21.6","2.9","3.0","2.0","12.85"
"48","1","68.2","1.69","170.0","159.0","73.0","0.75","537","1.0","28.4","2.5","3.0","1.0","23.88"
"28","1","79.6","1.59","181.0","130.0","54.0","1.49","968","1.0","28.2","1.5","3.0","2.0","31.49"
"33","1","53.6","1.52","194.0","126.0","73.0","1.02","643","2.0","30.9","2.3","2.0","1.0","23.2"
"25","1","57.7","1.58","188.0","145.0","52.0","1.36","986","0.0","25.7","2.2","3.0","2.0","23.11"
"21","0","74.2","1.93","187.0","141.0","56.0","1.32","1024","1.0","28.3","2.5","3.0","2.0","19.92"
"57","1","64.4","1.56","177.0","144.0","73.0","1.52","985","2.0","17.8","2.7","5.0","3.0","26.46"
"21","1","54.9","1.78","173.0","138.0","71.0","0.55","380","1.0","31.7","2.0","2.0","1.0","17.33"
"42","0","50.3","1.64","177.0","150.0","62.0","0.63","468","3.0","27","2.4","3.0","1.0","18.7"
"20","1","46.5","1.68","187.0","145.0","72.0","0.91","660","1.0","27.9","2.4","2.0","1.0","16.48"
"49","0","57.8","1.99","183.0","161.0","67.0","0.93","741","1.0","24.7","3.1","3.0","1.0","14.6"
"20","0","83","1.8","167.0","160.0","73.0","0.79","695","0.0","29.6","2.9","2.0","1.0","25.62"
"44","0","82.5","1.79","167.0","155.0","70.0","1.51","1159","1.0","13.8","3.5","5.0","3.0","25.75"
"46","1","66.5","1.73","163.0","142.0","56.0","1.11","709","0.0","34.7","2.0","3.0","1.0","22.22"
"49","1","70.2","1.67","186.0","166.0","50.0","0.93","695","3.0","32.5","1.8","3.0","1.0","25.17"
"36","0","121.9","1.93","195.0","132.0","54.0","1.49","1082","2.0","21.8","3.4","3.0","2.0","32.73"
"38","1","70.3","1.52","164.0","144.0","66.0","1.19","857","0.0","25.6","2.0","4.0","2.0","30.43"
"22","1","40.3","1.56","192.0","121.0","57.0","1.45","877","1.0","30.8","2.1","4.0","2.0","16.56"
"35","0","101.4","1.76","193.0","121.0","64.0","0.84","559","1.0","23.6","2.9","2.0","1.0","32.74"
"45","0","79.2","1.95","189.0","135.0","69.0","1.47","982","0.0","22.8","2.8","3.0","2.0","20.83"
"59","1","75.8","1.77","167.0","128.0","53.0","1.46","841","3.0","33.1","1.8","3.0","1.0","24.19"
"39","0","71.7","1.88","198.0","147.0","51.0","0.55","445","2.0","23.7","2.2","2.0","1.0","20.29"
"38","1","57.7","1.56","185.0","132.0","54.0","1.64","1082","1.0","16.6","2.7","5.0","3.0","23.71"
"23","1","47.4","1.6","196.0","154.0","50.0","0.76","585","3.0","33.5","1.6","3.0","1.0","18.52"
"18","1","57.2","1.75","193.0","160.0","74.0","1.29","1032","2.0","33.5","2.4","3.0","2.0","18.68"
"22","1","44.8","1.72","166.0","132.0","54.0","1.48","977","2.0","28.6","1.8","4.0","2.0","15.14"
"58","0","90.2","1.72","199.0","150.0","55.0","0.9","668","1.0","28.3","2.1","2.0","1.0","30.49"
"29","0","84.9","1.72","187.0","140.0","51.0","1.79","1378","0.0","14.3","3.5","4.0","3.0","28.7"
"43","0","95.7","1.77","198.0","151.0","50.0","1.08","807","1.0","24.2","3.4","3.0","1.0","30.55"
"51","0","59","1.65","198.0","153.0","53.0","1.22","924","1.0","20.7","2.3","3.0","2.0","21.67"
"31","1","60.5","1.77","187.0","127.0","56.0","1.72","1092","1.0","15","2.7","4.0","3.0","19.31"
"43","1","53.8","1.72","173.0","160.0","71.0","1.03","742","3.0","30.2","2.3","4.0","2.0","18.19"
"44","0","86.6","1.97","197.0","167.0","50.0","1.66","1372","0.0","11.7","3.5","5.0","3.0","22.31"
"26","1","72.8","1.67","163.0","121.0","50.0","1.37","829","3.0","35","1.9","2.0","1.0","26.1"
"43","1","66.3","1.77","177.0","157.0","57.0","1.48","1046","1.0","32.7","1.7","4.0","2.0","21.16"
"39","1","56","1.6","184.0","151.0","69.0","0.89","672","0.0","32.6","2.0","2.0","1.0","21.87"
"47","0","45.9","1.93","166.0","159.0","65.0","1.29","1015","2.0","29.6","2.0","3.0","2.0","12.32"
"34","0","88","1.64","197.0","147.0","70.0","1.9","1536","0.0","14.4","3.5","4.0","3.0","32.72"
"43","0","94","1.79","187.0","156.0","62.0","1.31","1012","1.0","23.2","3.4","2.0","1.0","29.34"
"53","1","44.7","1.79","164.0","160.0","72.0","1.34","965","0.0","26.7","2.1","3.0","2.0","13.95"
"18","0","63.2","1.63","162.0","120.0","73.0","0.66","436","2.0","27.5","2.2","3.0","1.0","23.79"
"25","0","95.6","1.9","190.0","160.0","72.0","1.47","1294","2.0","23.8","2.4","4.0","2.0","26.48"
"52","0","47.8","1.86","179.0","129.0","67.0","1.01","645","0.0","24.7","2.8","3.0","2.0","13.82"
"32","0","85.3","1.64","178.0","123.0","69.0","1.77","1197","2.0","13.2","3.5","4.0","3.0","31.71"
"39","0","59.7","1.83","170.0","154.0","59.0","1.35","1143","3.0","29.1","2.3","4.0","2.0","17.83"
"31","0","70.2","1.98","199.0","129.0","61.0","0.71","504","0.0","24.2","2.5","2.0","1.0","17.91"
"43","1","72.7","1.8","162.0","166.0","50.0","0.79","590","2.0","32.8","2.1","3.0","1.0","22.44"
"45","1","50.4","1.79","182.0","130.0","59.0","0.74","433","2.0","27.7","2.5","2.0","1.0","15.73"
"40","0","81.7","1.74","166.0","133.0","58.0","0.91","666","0.0","27","2.7","2.0","1.0","26.99"
"31","0","49.3","1.62","182.0","157.0","52.0","0.56","484","3.0","20","3.2","2.0","1.0","18.79"
"41","1","61.9","1.64","166.0","131.0","68.0","1.93","1138","0.0","19.4","2.7","4.0","3.0","23.01"
"19","1","49.1","1.68","193.0","164.0","58.0","1.42","1164","2.0","25.3","2.6","4.0","2.0","17.4"
"43","0","66.5","1.83","178.0","136.0","59.0","1.11","747","0.0","27.1","2.4","3.0","2.0","19.86"
"31","0","75.5","1.93","168.0","135.0","68.0","0.6","446","2.0","20.5","3.4","2.0","1.0","20.27"
"24","0","88.2","1.79","177.0","154.0","65.0","1.76","1491","1.0","11.3","3.5","4.0","3.0","27.53"
"20","0","74.8","1.75","184.0","121.0","73.0","1.33","885","0.0","25","3.3","3.0","2.0","24.42"
"40","1","72.2","1.6","173.0","130.0","67.0","0.87","566","0.0","29.2","1.9","3.0","1.0","28.2"
"35","0","62.8","1.63","184.0","160.0","63.0","1.41","1241","2.0","21.9","3.7","4.0","2.0","23.64"
"55","0","84.7","1.79","178.0","122.0","52.0","1.19","719","2.0","23.3","2.4","3.0","2.0","26.43"
"52","0","116.5","1.69","198.0","148.0","51.0","0.53","388","2.0","27.3","2.4","2.0","1.0","40.79"
"32","0","77.4","1.92","174.0","137.0","50.0","1.39","1047","2.0","26.7","3.3","3.0","2.0","21"
"42","1","72.9","1.62","175.0","139.0","67.0","1.17","732","0.0","25.7","2.0","4.0","2.0","27.78"
"54","1","58.4","1.59","186.0","166.0","73.0","1.08","807","2.0","32.5","1.9","2.0","1.0","23.1"
"45","1","64.3","1.54","199.0","133.0","58.0","1.67","999","0.0","15.3","2.7","4.0","3.0","27.11"
"27","0","89.3","1.87","169.0","153.0","62.0","1.62","1363","3.0","12.7","3.5","5.0","3.0","25.54"
"56","0","90.2","1.61","163.0","168.0","51.0","1.38","1148","0.0","22.6","2.3","3.0","2.0","34.8"
"34","1","59","1.62","178.0","150.0","56.0","1.13","847","2.0","30.9","2.4","4.0","2.0","22.48"
"56","0","58.7","1.86","187.0","159.0","65.0","1.09","858","2.0","22.6","3.3","3.0","2.0","16.97"
"39","0","127.5","1.82","180.0","161.0","70.0","1.26","1116","3.0","29.8","3.0","3.0","2.0","38.49"
"43","1","68.6","1.52","173.0","137.0","68.0","1.42","875","0.0","28.1","2.6","4.0","2.0","29.69"
"42","1","56.7","1.53","192.0","149.0","74.0","1.07","717","3.0","27.4","1.9","3.0","1.0","24.22"
"34","1","64.5","1.78","169.0","144.0","64.0","1.33","958","0.0","27.8","1.8","4.0","2.0","20.36"
"30","1","61.6","1.52","178.0","138.0","71.0","1.78","1228","2.0","19.5","2.7","4.0","3.0","26.66"
"37","0","75.1","1.82","189.0","127.0","60.0","1.23","859","0.0","26.4","3.2","4.0","2.0","22.67"
"42","0","79.3","1.93","181.0","147.0","50.0","1.22","888","2.0","27.3","3.3","2.0","1.0","21.29"
"21","1","72.6","1.68","162.0","127.0","70.0","1.19","756","2.0","34.2","1.8","3.0","2.0","25.72"
"27","0","76.7","1.7","196.0","150.0","56.0","0.96","792","1.0","29.1","2.1","3.0","1.0","26.54"
"20","1","44.2","1.61","177.0","122.0","69.0","1.08","659","1.0","32.4","2.5","2.0","1.0","17.05"
"58","1","56.5","1.7","170.0","122.0","57.0","0.74","406","0.0","27","2.7","2.0","1.0","19.55"
"35","0","100.9","1.63","161.0","163.0","59.0","1.1","986","2.0","28.4","3.1","2.0","1.0","37.98"
"53","1","55.8","1.55","171.0","141.0","54.0","1.12","711","3.0","27","1.8","4.0","2.0","23.23"
"39","0","58.3","1.93","165.0","136.0","58.0","1.35","1010","2.0","27.4","3.7","4.0","2.0","15.65"
"51","0","48.6","1.77","199.0","155.0","74.0","1.47","1128","3.0","26.9","3.5","2.0","1.0","15.51"
"25","0","81.7","1.95","188.0","136.0","74.0","1.94","1451","0.0","13.8","3.5","4.0","3.0","21.49"
"57","0","85.6","1.69","189.0","133.0","50.0","1.76","1159","0.0","12.7","3.5","5.0","3.0","29.97"
"36","1","60","1.72","161.0","128.0","51.0","1.63","1043","3.0","18.2","2.7","5.0","3.0","20.28"
"59","0","126.4","1.69","168.0","149.0","68.0","1.24","915","3.0","29.5","2.9","3.0","1.0","44.26"
"58","1","75.4","1.78","161.0","140.0","63.0","1.05","662","2.0","26","2.5","4.0","2.0","23.8"
"54","1","64.2","1.69","188.0","131.0","69.0","1.69","996","0.0","16.5","2.7","4.0","3.0","22.48"
"23","1","65.2","1.62","192.0","156.0","59.0","1.37","1069","2.0","31.1","2.5","3.0","2.0","24.84"
"43","1","70.1","1.66","169.0","151.0","58.0","0.99","673","3.0","34.6","2.6","2.0","1.0","25.44"
"51","0","102.6","1.77","193.0","130.0","59.0","1.21","779","1.0","21","3.4","2.0","1.0","32.75"
"23","0","107.2","1.93","167.0","139.0","55.0","1.15","879","1.0","20.2","3.1","4.0","2.0","28.78"
"54","1","56.5","1.75","196.0","154.0","66.0","1.76","1220","1.0","15.3","2.7","5.0","3.0","18.45"
"50","1","61.6","1.75","192.0","166.0","74.0","1.22","911","3.0","25.5","2.2","4.0","2.0","20.11"
"39","0","81.7","1.75","165.0","165.0","55.0","1.32","1198","2.0","29.1","2.8","4.0","2.0","26.68"
"38","1","76.6","1.58","199.0","130.0","53.0","0.74","481","0.0","32.2","2.3","2.0","1.0","30.68"
"23","0","116.8","1.79","178.0","127.0","69.0","1","698","3.0","26.8","3.4","4.0","2.0","36.45"
"23","1","60.1","1.59","191.0","123.0","52.0","1.8","1107","1.0","17.6","2.7","4.0","3.0","23.77"
"21","0","93.7","1.73","186.0","146.0","72.0","1","803","2.0","27.8","3.6","2.0","1.0","31.31"
"47","1","41.6","1.58","160.0","163.0","68.0","1.03","756","0.0","26.6","2.1","4.0","2.0","16.66"
"28","1","55.1","1.79","192.0","159.0","67.0","1.99","1582","0.0","17","2.7","5.0","3.0","17.2"
"47","0","127.1","1.76","199.0","157.0","73.0","0.71","552","3.0","24.9","3.0","2.0","1.0","41.03"
"48","1","69.1","1.6","191.0","166.0","53.0","1.34","1001","3.0","26.1","2.0","4.0","2.0","26.99"
"41","1","66.8","1.74","164.0","149.0","57.0","1.34","898","0.0","29.2","2.3","3.0","1.0","22.06"
"26","0","125.5","1.76","176.0","163.0","66.0","1.15","1031","0.0","23.2","3.1","4.0","2.0","40.52"
"20","1","71.3","1.58","167.0","167.0","54.0","1.07","893","1.0","25.4","1.5","3.0","2.0","28.56"
"48","0","129.2","1.61","193.0","167.0","62.0","1.06","876","0.0","21.4","2.9","4.0","2.0","49.84"
"57","0","96.3","1.86","168.0","146.0","74.0","1.1","795","3.0","27.6","2.2","3.0","2.0","27.84"
"54","1","67.5","1.54","182.0","140.0","50.0","0.72","454","2.0","25.2","1.5","3.0","1.0","28.46"
"53","1","64.4","1.55","194.0","139.0","62.0","1.77","1107","1.0","19.7","2.7","4.0","3.0","26.81"
"41","1","64.9","1.57","166.0","123.0","53.0","1.04","576","1.0","25.9","2.4","4.0","2.0","26.33"
"48","1","52.3","1.66","174.0","130.0","71.0","0.74","433","0.0","33","1.8","3.0","1.0","18.98"
"23","1","56.7","1.55","179.0","132.0","73.0","1.38","911","2.0","34","1.9","4.0","2.0","23.6"
"19","1","46.8","1.63","184.0","128.0","63.0","1.35","864","1.0","34.4","1.6","4.0","2.0","17.61"
"37","1","70.3","1.77","162.0","123.0","52.0","1.01","621","3.0","33.7","1.7","2.0","1.0","22.44"
"45","0","80.8","1.76","183.0","131.0","54.0","1.7","1102","0.0","11.4","3.5","4.0","3.0","26.08"
"28","1","56","1.5","193.0","128.0","56.0","1.94","1242","3.0","16.7","2.7","5.0","3.0","24.89"
"21","0","101.2","1.84","181.0","132.0","50.0","1.3","944","0.0","24.3","3.3","2.0","1.0","29.89"
"32","1","56.6","1.57","170.0","167.0","72.0","1.65","1378","1.0","15.7","2.7","4.0","3.0","22.96"
"23","1","40.9","1.75","167.0","145.0","61.0","0.82","594","0.0","25.2","2.1","3.0","1.0","13.36"
"47","0","127.8","1.65","198.0","157.0","60.0","0.77","598","2.0","28.7","3.5","2.0","1.0","46.94"
"55","1","49.3","1.76","194.0","161.0","73.0","1.28","927","3.0","30.5","2.0","2.0","1.0","15.92"
"19","1","64.3","1.63","197.0","132.0","57.0","1.87","1234","2.0","18","2.7","5.0","3.0","24.2"
"32","0","49.3","1.62","167.0","158.0","74.0","1.18","1025","3.0","29.3","2.5","3.0","2.0","18.79"
"28","1","63","1.62","196.0","147.0","55.0","0.68","500","3.0","31.7","1.9","2.0","1.0","24.01"
"25","1","41.1","1.67","186.0","138.0","71.0","1.03","711","0.0","31.9","2.4","3.0","2.0","14.74"
"43","1","40.5","1.74","187.0","143.0","51.0","1.5","965","1.0","32.9","2.2","3.0","2.0","13.38"
"22","0","71","1.62","199.0","138.0","68.0","0.91","691","1.0","21.2","3.5","2.0","1.0","27.05"
"23","1","60.9","1.62","193.0","168.0","69.0","1.59","1336","2.0","16.8","2.7","5.0","3.0","23.21"
"43","1","64.7","1.66","191.0","132.0","69.0","1.88","1117","0.0","19.8","2.7","4.0","3.0","23.48"
"21","1","51","1.71","174.0","132.0","73.0","1.07","706","1.0","34.2","2.2","3.0","2.0","17.44"
"36","1","57.7","1.77","176.0","147.0","63.0","1.65","1213","3.0","19.4","2.7","4.0","3.0","18.42"
"37","0","76.9","1.82","192.0","121.0","50.0","1.49","992","3.0","24.5","2.8","4.0","2.0","23.22"
"50","0","80.5","1.77","175.0","129.0","59.0","1.85","1181","0.0","14.3","3.5","4.0","3.0","25.7"
"37","1","73.3","1.74","188.0","141.0","65.0","1.03","726","2.0","25.5","2.4","3.0","2.0","24.21"
"29","1","49","1.57","168.0","132.0","53.0","1.33","878","0.0","26.5","2.6","3.0","2.0","19.88"
"18","0","114.5","1.97","192.0","128.0","60.0","1.03","725","2.0","24.1","2.6","3.0","1.0","29.5"
"43","0","81","1.78","188.0","152.0","65.0","1.58","1189","0.0","12.4","3.5","5.0","3.0","25.56"
"31","1","53.5","1.76","172.0","133.0","69.0","1.22","811","3.0","27.6","1.8","4.0","2.0","17.27"
"55","0","52.1","1.68","180.0","167.0","50.0","0.77","637","0.0","23.6","3.0","3.0","1.0","18.46"
"54","1","70.1","1.52","180.0","139.0","65.0","0.76","475","1.0","26.6","2.1","2.0","1.0","30.34"
"28","0","86.9","1.78","164.0","134.0","68.0","1.29","951","1.0","24.9","3.7","4.0","2.0","27.43"
"53","0","73.4","1.76","169.0","151.0","70.0","1.09","815","0.0","27.9","2.8","3.0","2.0","23.7"
"30","0","90","1.66","165.0","152.0","71.0","1.32","1104","2.0","26.6","2.1","4.0","2.0","32.66"
"20","0","85.7","1.92","172.0","136.0","58.0","1.72","1287","2.0","10.5","3.5","5.0","3.0","23.25"
"50","1","70.4","1.55","160.0","143.0","58.0","0.73","470","3.0","29.9","2.7","2.0","1.0","29.3"
"23","0","57.7","1.71","179.0","149.0","58.0","1.15","942","3.0","27","3.4","3.0","2.0","19.73"
"27","0","75.7","1.76","167.0","132.0","66.0","0.68","494","2.0","25.3","2.3","3.0","1.0","24.44"
"22","1","61.8","1.52","169.0","166.0","61.0","1.83","1519","0.0","17","2.7","5.0","3.0","26.75"
"40","0","80.3","1.76","168.0","167.0","74.0","1.63","1497","3.0","13.1","3.5","5.0","3.0","25.92"
"27","0","104.3","1.68","162.0","135.0","62.0","1.28","950","2.0","29.7","3.5","3.0","2.0","36.95"
"19","1","65.7","1.58","170.0","121.0","57.0","1.46","883","2.0","25.9","1.9","3.0","2.0","26.32"
"30","0","120.3","1.96","171.0","136.0","65.0","0.66","494","0.0","23.9","2.6","2.0","1.0","31.32"
"57","1","51.9","1.57","169.0","151.0","67.0","1.05","713","1.0","29.1","2.6","3.0","2.0","21.06"
"19","1","59.1","1.57","184.0","162.0","50.0","1.65","1336","2.0","17.9","2.7","5.0","3.0","23.98"
"37","1","66.9","1.75","184.0","127.0","50.0","1.38","876","3.0","26.5","2.1","4.0","2.0","21.84"
"18","1","66.9","1.75","170.0","122.0","61.0","0.94","573","0.0","26.8","1.7","2.0","1.0","21.84"
"54","0","78.7","1.66","195.0","131.0","55.0","1.42","921","0.0","22.9","2.6","3.0","2.0","28.56"
"26","1","62.4","1.61","198.0","139.0","58.0","1.88","1307","0.0","19.8","2.7","4.0","3.0","24.07"
"34","0","102.1","1.71","185.0","135.0","72.0","0.96","713","1.0","27.3","3.2","2.0","1.0","34.92"
"26","0","51.9","2","173.0","133.0","54.0","0.75","549","1.0","26.6","2.3","2.0","1.0","12.97"
"28","0","58.3","2","198.0","135.0","65.0","1.32","980","3.0","28.2","3.0","4.0","2.0","14.57"
"32","0","89.8","1.92","199.0","168.0","67.0","1.93","1783","3.0","10.6","3.5","4.0","3.0","24.36"
"41","0","101.1","1.83","160.0","162.0","66.0","0.79","634","0.0","28.6","3.2","2.0","1.0","30.19"
"55","0","118.6","1.72","163.0","168.0","67.0","0.77","640","3.0","25.9","2.6","3.0","1.0","40.09"
"52","0","84.8","1.85","189.0","152.0","50.0","1.19","895","2.0","23.4","3.2","2.0","1.0","24.78"
"47","0","80","1.77","171.0","149.0","68.0","0.72","531","1.0","28.2","3.5","3.0","1.0","25.54"
"48","0","73.1","1.83","194.0","131.0","71.0","1.05","681","0.0","28","2.8","4.0","2.0","21.83"
"22","0","117.3","1.68","172.0","134.0","57.0","1.24","914","0.0","28.5","2.7","3.0","2.0","41.56"
"31","1","77.4","1.71","190.0","137.0","52.0","1.26","863","2.0","26.2","1.8","4.0","2.0","26.47"
"28","1","72.9","1.67","197.0","147.0","74.0","1.13","831","2.0","34.7","2.2","3.0","2.0","26.14"
"26","1","71.2","1.5","182.0","142.0","54.0","1.15","816","2.0","34.6","2.6","2.0","1.0","31.64"
"51","0","88.2","1.62","163.0","133.0","72.0","1.56","1027","2.0","11.8","3.5","4.0","3.0","33.61"
"29","1","75.6","1.8","175.0","149.0","57.0","1.31","976","0.0","25.7","1.9","4.0","2.0","23.33"
"52","1","57.9","1.56","166.0","152.0","68.0","1.66","1135","1.0","15.8","2.7","4.0","3.0","23.79"
"52","1","70.6","1.58","181.0","164.0","67.0","1.02","753","1.0","34.9","2.0","3.0","2.0","28.28"
"18","0","118.6","1.64","188.0","134.0","67.0","0.94","693","2.0","25.6","2.7","3.0","1.0","44.1"
"57","0","55.7","1.99","170.0","126.0","70.0","1.13","705","3.0","23.6","3.0","3.0","2.0","14.07"
"39","0","102.3","1.94","192.0","134.0","50.0","0.89","656","0.0","22.9","2.4","3.0","1.0","27.18"
"46","0","72.6","1.87","188.0","161.0","64.0","1.31","1044","1.0","22.6","3.4","4.0","2.0","20.76"
"25","1","63.8","1.68","198.0","165.0","67.0","0.95","784","2.0","31.6","1.9","2.0","1.0","22.6"
"28","1","67.3","1.67","171.0","157.0","74.0","0.61","479","3.0","29.2","2.3","3.0","1.0","24.13"
"58","1","59.3","1.58","166.0","165.0","56.0","1.97","1463","3.0","19.8","2.7","4.0","3.0","23.75"
"54","1","70.7","1.57","198.0","163.0","65.0","1.14","836","2.0","31.8","2.1","3.0","1.0","28.68"
"31","0","86.9","1.69","185.0","130.0","65.0","1.72","1230","0.0","14","3.5","4.0","3.0","30.43"
"47","0","98.2","1.9","199.0","148.0","64.0","0.76","557","1.0","22.9","3.0","3.0","1.0","27.2"
"52","0","63.6","1.62","168.0","150.0","55.0","1.3","965","3.0","20.8","2.3","4.0","2.0","24.23"
"38","1","45.2","1.68","193.0","144.0","58.0","1.01","727","1.0","29.9","2.4","3.0","2.0","16.01"
"54","0","117.2","1.62","172.0","143.0","56.0","1.04","736","1.0","23.1","2.3","4.0","2.0","44.66"
"22","0","107.4","1.74","195.0","138.0","63.0","1.34","1017","3.0","22","2.2","2.0","1.0","35.47"
"36","1","59.1","1.78","184.0","121.0","60.0","0.85","514","2.0","34.5","2.2","2.0","1.0","18.65"
"31","1","53.3","1.64","183.0","141.0","70.0","0.57","402","3.0","29.4","2.4","3.0","1.0","19.82"
"43","0","46.2","1.63","176.0","139.0","65.0","1.18","812","3.0","21.7","2.1","2.0","1.0","17.39"
"21","0","67","1.61","161.0","152.0","74.0","1.32","1104","0.0","22","2.1","3.0","2.0","25.85"
"42","0","86.3","1.77","172.0","127.0","55.0","1.77","1113","1.0","11.4","3.5","4.0","3.0","27.55"
"59","0","85.5","1.67","190.0","144.0","71.0","1.99","1418","2.0","15","3.5","5.0","3.0","30.66"
"42","0","70.2","1.87","188.0","165.0","65.0","1.38","1127","1.0","22.7","3.4","3.0","2.0","20.07"
"35","0","127.1","1.62","187.0","128.0","69.0","1.02","718","3.0","23.3","3.4","4.0","2.0","48.43"
"57","1","75.6","1.67","186.0","153.0","65.0","1.05","723","2.0","31.6","1.8","3.0","2.0","27.11"
"25","1","62.6","1.65","174.0","142.0","61.0","1.2","852","2.0","27.9","2.2","3.0","1.0","22.99"
"56","1","55.7","1.53","190.0","124.0","66.0","1.91","1066","2.0","16.1","2.7","5.0","3.0","23.79"
"57","0","96.1","1.74","199.0","144.0","54.0","1.21","862","2.0","21.6","2.8","3.0","2.0","31.74"
"31","1","76.7","1.62","174.0","127.0","74.0","1.39","883","0.0","28.1","2.3","4.0","2.0","29.23"
"49","0","57.2","1.89","192.0","135.0","62.0","1.14","762","2.0","21.1","3.5","2.0","1.0","16.01"
"55","0","69.9","1.81","179.0","167.0","57.0","1.2","992","3.0","20.2","2.1","4.0","2.0","21.34"
"50","1","67.9","1.77","171.0","164.0","73.0","1.03","760","0.0","33","2.4","3.0","2.0","21.67"
"40","0","87.9","1.87","196.0","134.0","54.0","1.96","1445","3.0","10.7","3.5","5.0","3.0","25.14"
"32","0","102.8","1.98","168.0","120.0","61.0","1.24","818","3.0","27.8","2.8","3.0","2.0","26.22"
"50","1","51.8","1.5","182.0","141.0","58.0","1.32","838","1.0","33","2.2","3.0","1.0","23.02"
"42","1","57.7","1.57","167.0","122.0","52.0","1.83","1005","2.0","17.7","2.7","4.0","3.0","23.41"
"34","1","66.5","1.69","191.0","157.0","52.0","0.81","636","2.0","28.1","2.3","3.0","1.0","23.28"
"50","0","95.4","1.61","173.0","133.0","50.0","1.16","764","3.0","21.5","3.6","4.0","2.0","36.8"
"19","1","69.2","1.6","186.0","155.0","74.0","1.17","907","2.0","32.4","1.6","3.0","1.0","27.03"
"31","1","66.6","1.67","184.0","137.0","71.0","1.02","699","0.0","31","1.5","4.0","2.0","23.88"
"57","0","83.4","1.65","172.0","166.0","67.0","1.57","1290","1.0","13.3","3.5","4.0","3.0","30.63"
"57","1","43.8","1.75","180.0","160.0","73.0","1.39","1001","2.0","25.1","1.7","2.0","1.0","14.3"
"56","1","64.2","1.69","190.0","137.0","61.0","1.99","1227","2.0","19.6","2.7","5.0","3.0","22.48"
"23","1","44.1","1.62","196.0","122.0","58.0","0.58","354","0.0","25.7","2.7","2.0","1.0","16.8"
"23","0","87.3","1.91","164.0","129.0","58.0","1.87","1327","1.0","11.8","3.5","5.0","3.0","23.93"
"20","0","55","1.6","172.0","168.0","67.0","1.12","1035","0.0","24","3.2","4.0","2.0","21.48"
"24","0","87.1","1.74","187.0","158.0","67.0","1.57","1364","3.0","10","3.5","4.0","3.0","28.77"
"25","0","66.6","1.61","184.0","166.0","56.0","1.38","1260","3.0","25","3.0","2.0","1.0","25.69"
"59","1","60.4","1.76","194.0","120.0","53.0","1.72","929","2.0","18.8","2.7","5.0","3.0","19.5"
"32","0","126.4","1.83","198.0","146.0","62.0","1.1","883","1.0","28.2","2.1","3.0","2.0","37.74"
"46","0","88.7","1.63","166.0","146.0","66.0","0.75","542","3.0","28.8","3.5","2.0","1.0","33.38"
